date_received,issue_category,channel,company_response,timely_response,consumer_disputed,complaint_id,order_id
2021-11-01,Uninterested Service Rep,Phone Support,Closed without relief,Yes,No,CR0003732,US-2015-159416
2022-05-27,Long wait on hold,Email,Closed with explanation,Yes,No,CR1988571,US-2015-157867
2023-04-30,Lack of Follow Up,Branch,Closed with monetary relief,Yes,No,CR2221342,US-2015-153289
2021-12-01,Lack of Follow Up,Branch,Closed without relief,Yes,No,CR0013328,US-2015-153142
2019-08-22,Long wait on hold,Email,Closed with explanation,Yes,No,CR2090579,US-2015-155966
2022-10-31,Poor Product or Service,Mobile App,Closed with explanation,Yes,Yes,CR1470490,US-2015-151637
2021-05-28,Lack of Follow Up,Branch,Closed with explanation,Yes,No,CR1899878,US-2015-156183
2019-10-12,Uninterested Service Rep,Phone Support,Closed with explanation,Yes,No,CR1932270,US-2015-159992
2021-12-21,Lack of Follow Up,Phone Support,Closed with explanation,Yes,Yes,CR0214774,US-2015-157885
2019-08-31,Unavailable or Out of Stock Product,Phone Support,Closed with explanation,Yes,No,CR2135116,US-2015-154175
2019-10-16,No First Call Resolution,Branch,Closed with explanation,Yes,Yes,CR0373513,US-2015-156155
2022-04-02,Making Customers Repeat Their Problem,Phone Support,Closed with monetary relief,Yes,No,CR1708290,US-2015-155159
2019-12-20,Making Customers Repeat Their Problem,Email,Closed with explanation,Yes,No,CR1538323,US-2015-159383
2019-07-20,No First Call Resolution,Phone Support,Closed with explanation,Yes,Yes,CR1433236,US-2015-156280
2020-10-25,Uninterested Service Rep,Phone Support,Closed with monetary relief,Yes,No,CR0853368,US-2015-155473
2019-07-30,Uninterested Service Rep,Mobile App,Closed with explanation,Yes,No,CR1804301,US-2015-156443
2023-04-07,No First Call Resolution,Phone Support,Closed with explanation,Yes,No,CR1351216,US-2015-159699
2020-12-25,Unavailable or Out of Stock Product,Email,Closed with explanation,Yes,,CR2319809,US-2015-153033
2021-08-08,Uninterested Service Rep,Mobile App,Closed without relief,Yes,Yes,CR0013527,US-2015-160240
2021-04-13,Unavailable or Out of Stock Product,Mobile App,Closed with explanation,Yes,No,CR1722662,US-2015-153397
2019-04-02,No First Call Resolution,Email,Closed with explanation,Yes,No,CR0547876,US-2015-151739
2020-09-20,Unavailable or Out of Stock Product,Email,Closed with explanation,Yes,No,CR1615332,US-2015-150755
2023-10-08,New Product or Feature Request,Branch,Closed with explanation,Yes,No,CR1062228,US-2015-151523
2021-09-26,Poor Product or Service,Branch,Closed without relief,Yes,No,CR0043811,US-2015-155403
2021-11-12,No First Call Resolution,Branch,Closed with relief,Yes,No,CR0030939,US-2015-153065
2021-08-13,Lack of Follow Up,Email,Closed with relief,Yes,No,CR0030070,US-2015-154917
2023-04-20,Poor Product or Service,Mobile App,Closed with explanation,Yes,Yes,CR1936930,US-2015-151306
2023-07-03,Making Customers Repeat Their Problem,Email,Closed with explanation,Yes,No,CR1435238,US-2015-155847
2022-01-21,Uninterested Service Rep,Phone Support,Closed with explanation,Yes,No,CR1537464,US-2015-151349
2023-03-21,Lack of Follow Up,Mobile App,Closed with explanation,Yes,No,CR1627236,US-2015-157273
2021-02-22,Lack of Follow Up,Mobile App,Closed with explanation,Yes,No,CR1723447,US-2015-159093
2020-03-17,New Product or Feature Request,Branch,Closed with relief,Yes,No,CR0034610,US-2015-150684
2021-11-24,Unavailable or Out of Stock Product,Branch,Closed with explanation,Yes,No,CR1470323,US-2015-159032
2022-02-05,Making Customers Repeat Their Problem,Branch,Closed with explanation,Yes,Yes,CR1990253,US-2015-151874
2021-08-28,No First Call Resolution,Phone Support,Closed with explanation,Yes,,CR2319723,US-2015-157720
2022-08-20,New Product or Feature Request,Email,Closed with explanation,Yes,No,CR1809005,US-2015-154030
2019-09-09,No First Call Resolution,Mobile App,Closed with explanation,Yes,No,CR1900945,US-2015-160318
2022-06-10,Making Customers Repeat Their Problem,Mobile App,Closed with monetary relief,Yes,No,CR2136255,US-2015-153976
2022-09-05,Poor Product or Service,Email,Closed with explanation,Yes,No,CR2089964,US-2015-155241
2021-04-26,Unavailable or Out of Stock Product,Email,Closed with non-monetary relief,Yes,Yes,CR0394315,US-2015-159627
2019-03-10,Poor Product or Service,Branch,Closed with explanation,Yes,No,CR1713275,US-2015-157083
2022-07-06,Long wait on hold,Email,Closed with non-monetary relief,Yes,No,CR1080256,US-2015-159436
2021-01-06,Unavailable or Out of Stock Product,Mobile App,Closed with monetary relief,Yes,No,CR0855237,US-2015-152223
2020-07-14,Unavailable or Out of Stock Product,Mobile App,Closed with explanation,No,,CR0220184,US-2015-158155
2022-08-02,Unavailable or Out of Stock Product,Phone Support,Closed with explanation,Yes,No,CR0559272,US-2015-150966
2019-02-13,Making Customers Repeat Their Problem,Phone Support,Closed with explanation,Yes,No,CR2223424,US-2015-154670
2023-02-02,No First Call Resolution,Mobile App,Closed with explanation,Yes,No,CR1350626,US-2015-158728
2020-11-03,New Product or Feature Request,Mobile App,Closed with relief,Yes,No,CR0035411,US-2015-154644
2019-05-13,Unavailable or Out of Stock Product,Phone Support,Closed with relief,Yes,No,CR0057298,US-2015-155202
2022-05-10,Long wait on hold,Branch,Closed with monetary relief,Yes,No,CR0222601,US-2015-158880
2022-09-07,Long wait on hold,Branch,Closed with explanation,Yes,Yes,CR0221502,US-2015-156217
2019-09-04,No First Call Resolution,Email,Closed with explanation,Yes,No,CR0922485,US-2015-159009
2022-12-12,Making Customers Repeat Their Problem,Phone Support,Closed with explanation,Yes,Yes,CR1101885,US-2015-154815
2020-01-06,Uninterested Service Rep,Mobile App,Closed with explanation,Yes,No,CR1109288,US-2015-155337
2022-03-27,Unavailable or Out of Stock Product,Phone Support,Closed,Yes,No,CR1547100,US-2015-156362
2021-11-15,Lack of Follow Up,Mobile App,Closed with non-monetary relief,Yes,Yes,CR1452819,US-2015-157606
2023-04-20,Uninterested Service Rep,Email,Closed with explanation,Yes,No,CR1994567,US-2015-153921
2021-08-19,Poor Product or Service,Email,Closed with explanation,Yes,Yes,CR1507211,US-2015-156300
2022-06-09,Long wait on hold,Email,Closed with non-monetary relief,Yes,No,CR1757625,US-2015-157459
2022-10-14,New Product or Feature Request,Branch,Closed with explanation,Yes,No,CR0285804,US-2015-160358
2019-10-10,Unavailable or Out of Stock Product,Email,Closed with explanation,Yes,No,CR2181276,US-2015-158140
2020-10-25,No First Call Resolution,Phone Support,Closed with explanation,Yes,No,CR2111298,US-2015-153650
2021-03-08,Making Customers Repeat Their Problem,Email,Closed with explanation,Yes,No,CR1569460,US-2015-155086
2019-10-05,Lack of Follow Up,Mobile App,Closed with explanation,Yes,Yes,CR0440370,US-2015-160306
2019-03-03,Poor Product or Service,Branch,Closed with explanation,Yes,No,CR2089516,US-2015-158665
2021-02-26,Poor Product or Service,Email,Closed with explanation,Yes,Yes,CR1789593,US-2015-156462
2019-04-19,Long wait on hold,Branch,Closed with explanation,Yes,No,CR1275516,US-2015-155812
2019-09-06,Lack of Follow Up,Email,Closed with explanation,Yes,No,CR1856319,US-2015-152336
2023-03-15,Making Customers Repeat Their Problem,Mobile App,Closed with non-monetary relief,Yes,Yes,CR0702038,US-2015-152990
2022-06-30,No First Call Resolution,Branch,Closed with explanation,Yes,No,CR1496351,US-2015-157391
2021-08-03,No First Call Resolution,Branch,Closed with explanation,Yes,No,CR0951400,US-2015-157218
2023-03-19,No First Call Resolution,Mobile App,Closed with explanation,Yes,No,CR0130587,US-2015-152688
2023-03-03,Uninterested Service Rep,Branch,Closed with explanation,Yes,No,CR1937602,US-2015-157007
2020-07-28,New Product or Feature Request,Phone Support,Closed with explanation,Yes,No,CR2258943,US-2015-153313
2023-02-02,Lack of Follow Up,Branch,Closed with monetary relief,Yes,No,CR2042383,US-2015-150781
2020-04-21,Poor Product or Service,Mobile App,Closed with explanation,Yes,Yes,CR1397536,US-2015-160619
2019-02-08,Poor Product or Service,Email,Closed with explanation,Yes,,CR2384632,US-2015-151458
2022-06-16,No First Call Resolution,Phone Support,Closed with non-monetary relief,Yes,No,CR1653725,US-2015-153180
2021-01-13,Long wait on hold,Branch,Closed with monetary relief,Yes,No,CR2230679,US-2015-152918
2019-01-08,Unavailable or Out of Stock Product,Email,Closed with monetary relief,Yes,No,CR1813349,US-2015-160516
2022-10-25,New Product or Feature Request,Phone Support,Closed with explanation,Yes,No,CR1952426,US-2015-157595
2019-12-20,Lack of Follow Up,Phone Support,Closed with explanation,Yes,No,CR0942501,US-2015-157962
2022-02-10,New Product or Feature Request,Email,Closed with explanation,Yes,Yes,CR1185692,US-2015-155672
2022-01-21,Long wait on hold,Branch,Closed with explanation,Yes,Yes,CR0258067,US-2015-158533
2023-03-19,Lack of Follow Up,Branch,Closed with explanation,Yes,No,CR2075840,US-2015-152688
2020-11-15,Uninterested Service Rep,Branch,Closed with explanation,Yes,No,CR1485802,US-2015-153985
2021-06-12,Making Customers Repeat Their Problem,Phone Support,Closed with non-monetary relief,Yes,No,CR1751734,US-2015-153087
2023-01-28,Unavailable or Out of Stock Product,Branch,Closed with explanation,Yes,No,CR1639357,US-2015-159160
2020-11-03,No First Call Resolution,Phone Support,Closed with explanation,Yes,No,CR1484289,US-2015-155552
2021-02-25,Poor Product or Service,Mobile App,Closed with explanation,Yes,Yes,CR0108967,US-2015-157765
2020-06-05,Uninterested Service Rep,Branch,Closed with monetary relief,Yes,No,CR2110710,US-2015-157254
2023-07-10,Long wait on hold,Email,Closed with monetary relief,Yes,No,CR1919645,US-2015-153077
2020-09-21,No First Call Resolution,Mobile App,Closed with explanation,Yes,No,CR1565363,US-2015-151665
2019-09-09,New Product or Feature Request,Email,Closed with explanation,Yes,No,CR1849018,US-2015-157259
2023-01-15,New Product or Feature Request,Phone Support,Closed with explanation,Yes,Yes,CR0434587,US-2015-155528
2020-12-21,No First Call Resolution,Mobile App,Closed with explanation,Yes,No,CR1386876,US-2015-160409
2021-11-29,Unavailable or Out of Stock Product,Phone Support,Closed with explanation,Yes,No,CR0682046,US-2015-153571
2021-12-29,Unavailable or Out of Stock Product,Mobile App,Closed with explanation,Yes,No,CR1773179,US-2015-151750
2021-01-26,New Product or Feature Request,Phone Support,Closed with monetary relief,Yes,No,CR2032442,US-2015-154240
2020-10-17,No First Call Resolution,Phone Support,Closed with explanation,Yes,No,CR2173059,US-2015-160483
2022-09-21,New Product or Feature Request,Phone Support,Closed with explanation,Yes,No,CR2249569,US-2015-156019
2023-08-06,Unavailable or Out of Stock Product,Email,In progress,Yes,,CR2378467,US-2015-159832
2023-08-28,Lack of Follow Up,Branch,Closed with explanation,Yes,Yes,CR0705878,US-2015-152933
2019-06-28,Long wait on hold,Mobile App,Closed with explanation,Yes,No,CR1940052,US-2015-158180
2019-01-28,Poor Product or Service,Branch,Closed with explanation,Yes,No,CR0132727,US-2015-152537
2021-05-31,New Product or Feature Request,Phone Support,Closed with explanation,Yes,Yes,CR1791074,US-2015-160261
2021-04-12,Long wait on hold,Mobile App,Closed with monetary relief,Yes,Yes,CR0447457,US-2015-156241
2021-12-31,Lack of Follow Up,Branch,Closed with explanation,Yes,No,CR2042159,US-2015-159795
2022-12-15,Making Customers Repeat Their Problem,Branch,Closed with explanation,Yes,No,CR2125933,US-2015-155524
2021-01-08,Uninterested Service Rep,Email,Closed with monetary relief,Yes,No,CR2179090,US-2015-157002
2022-08-10,Unavailable or Out of Stock Product,Mobile App,Closed with explanation,Yes,No,CR1403361,US-2015-150922
2020-08-24,New Product or Feature Request,Email,Closed with monetary relief,Yes,No,CR1282520,US-2015-156552
2022-06-21,No First Call Resolution,Mobile App,Closed with explanation,Yes,No,CR0294434,US-2015-155742
2019-06-29,Poor Product or Service,Mobile App,Closed with explanation,Yes,No,CR1759470,US-2015-151251
2022-06-21,New Product or Feature Request,Branch,Closed with explanation,Yes,No,CR1527767,US-2015-151509
2023-03-04,Poor Product or Service,Mobile App,Closed with non-monetary relief,Yes,No,CR1658837,US-2015-152581
2019-12-10,Unavailable or Out of Stock Product,Phone Support,Closed with explanation,Yes,Yes,CR1571098,US-2015-158066
2022-05-10,No First Call Resolution,Email,Closed with explanation,Yes,No,CR0981611,US-2015-151065
2020-10-26,Lack of Follow Up,Branch,Closed with explanation,Yes,,CR2387263,US-2015-159503
2019-09-02,New Product or Feature Request,Email,Closed with monetary relief,Yes,No,CR1497460,US-2015-160214
2020-03-07,Long wait on hold,Email,Closed with non-monetary relief,Yes,No,CR2114448,US-2015-156588
2022-06-29,Unavailable or Out of Stock Product,Branch,Closed with explanation,Yes,No,CR1860467,US-2015-157312
2020-03-21,Poor Product or Service,Mobile App,Closed with explanation,Yes,No,CR2261646,US-2015-159342
2021-12-19,Lack of Follow Up,Email,Closed with monetary relief,Yes,No,CR2190357,US-2015-159725
2020-11-01,New Product or Feature Request,Branch,Closed with monetary relief,Yes,No,CR2192368,US-2015-152225
2019-11-18,Lack of Follow Up,Phone Support,Closed with explanation,Yes,Yes,CR0480573,US-2015-151611
2023-04-09,Long wait on hold,Mobile App,Closed with explanation,Yes,Yes,CR1497477,US-2015-155432
2022-06-08,Unavailable or Out of Stock Product,Email,Closed with explanation,Yes,No,CR1940659,US-2015-153400
2022-12-22,Unavailable or Out of Stock Product,Branch,Closed with explanation,Yes,No,CR1761571,US-2015-155178
2022-02-16,No First Call Resolution,Branch,Closed with explanation,Yes,No,CR2182212,US-2015-154418
2021-04-14,Unavailable or Out of Stock Product,Email,Closed with explanation,Yes,No,CR0310506,US-2015-157630
2023-04-10,Poor Product or Service,Branch,Closed with non-monetary relief,Yes,Yes,CR1863672,US-2015-160125
2019-07-24,Making Customers Repeat Their Problem,Mobile App,Closed with explanation,Yes,Yes,CR1301819,US-2015-157326
2023-06-01,Making Customers Repeat Their Problem,Branch,Closed with explanation,Yes,Yes,CR1531152,US-2015-153243
2020-01-25,Lack of Follow Up,Mobile App,Closed with explanation,Yes,No,CR0707883,US-2015-153300
2023-08-30,Uninterested Service Rep,Phone Support,Closed with monetary relief,Yes,Yes,CR1415128,US-2015-158896
2022-10-11,New Product or Feature Request,Mobile App,Closed with explanation,Yes,Yes,CR2267015,US-2015-153786
2022-02-25,Making Customers Repeat Their Problem,Phone Support,Closed with monetary relief,Yes,No,CR0988096,US-2015-151656
2023-08-08,New Product or Feature Request,Mobile App,Closed with explanation,Yes,No,CR1809285,US-2015-153116
2023-01-16,Poor Product or Service,Mobile App,Closed with explanation,Yes,No,CR1572142,US-2015-154509
2022-09-25,Poor Product or Service,Phone Support,Closed with explanation,Yes,No,CR2119922,US-2015-159142
2021-08-13,Lack of Follow Up,Email,Closed with monetary relief,Yes,Yes,CR0138235,US-2015-151770
2021-02-10,Making Customers Repeat Their Problem,Mobile App,Closed with explanation,Yes,No,CR1660335,US-2015-159274
2020-07-07,Lack of Follow Up,Phone Support,Closed with explanation,Yes,Yes,CR2128698,US-2015-155630
2022-03-10,Unavailable or Out of Stock Product,Mobile App,Closed with monetary relief,Yes,,CR2388201,US-2015-155983
2019-03-07,Lack of Follow Up,Phone Support,Closed with explanation,Yes,Yes,CR2047441,US-2015-154083
2023-02-26,Poor Product or Service,Branch,Closed with explanation,Yes,Yes,CR1725606,US-2015-151907
2020-01-02,No First Call Resolution,Branch,Closed with non-monetary relief,Yes,No,CR1725353,US-2015-156852
2021-03-03,Uninterested Service Rep,Branch,Closed with explanation,Yes,No,CR1725940,US-2015-157506
2020-12-29,Lack of Follow Up,Mobile App,Closed with explanation,Yes,No,CR1816814,US-2015-155448
2021-09-11,Long wait on hold,Phone Support,Closed with explanation,Yes,No,CR1818167,US-2015-154306
2019-11-08,Making Customers Repeat Their Problem,Branch,Closed with explanation,Yes,No,CR1141314,US-2015-154995
2020-12-26,Making Customers Repeat Their Problem,Phone Support,Closed with monetary relief,Yes,No,CR0223678,US-2015-160378
2021-07-17,New Product or Feature Request,Phone Support,Closed with explanation,Yes,Yes,CR0561186,US-2015-154880
2023-07-16,Unavailable or Out of Stock Product,Email,Closed with non-monetary relief,Yes,No,CR2226204,US-2015-159617
2022-07-11,Long wait on hold,Email,Closed with monetary relief,Yes,No,CR1550372,US-2015-157093
2021-06-24,No First Call Resolution,Phone Support,Closed with explanation,Yes,No,CR1451644,US-2015-159643
2023-08-01,Lack of Follow Up,Email,In progress,Yes,,CR2344048,US-2015-158643
2020-01-21,Lack of Follow Up,Branch,Closed with relief,Yes,Yes,CR0027693,US-2015-158852
2020-01-10,New Product or Feature Request,Email,Closed with explanation,Yes,Yes,CR2100334,US-2015-158228
2023-09-09,Lack of Follow Up,Phone Support,Closed with explanation,Yes,Yes,CR0404310,US-2015-151078
2019-12-17,Long wait on hold,Email,Closed with explanation,Yes,No,CR1831653,US-2015-152434
2021-04-15,Lack of Follow Up,Branch,Closed with explanation,Yes,Yes,CR0858349,US-2015-158766
2020-12-11,Making Customers Repeat Their Problem,Email,Closed with explanation,Yes,No,CR2001165,US-2015-158622
2022-04-12,Uninterested Service Rep,Phone Support,Closed with explanation,Yes,No,CR1741538,US-2015-153360
2023-02-27,Making Customers Repeat Their Problem,Mobile App,Closed with explanation,Yes,Yes,CR1938865,US-2015-155518
2019-11-12,Uninterested Service Rep,Mobile App,Closed with explanation,Yes,No,CR1352279,US-2015-151567
2021-01-20,Long wait on hold,Email,Closed with explanation,Yes,No,CR1471978,US-2015-159863
2019-09-03,Lack of Follow Up,Email,Closed with explanation,Yes,No,CR1907400,US-2015-157320
2021-12-10,New Product or Feature Request,Email,Closed with monetary relief,Yes,No,CR1629513,US-2015-151631
2021-05-24,No First Call Resolution,Mobile App,Closed with explanation,Yes,No,CR1729929,US-2015-160141
2023-10-03,Making Customers Repeat Their Problem,Mobile App,Closed with explanation,Yes,No,CR2149853,US-2015-155864
2020-07-12,Making Customers Repeat Their Problem,Email,Closed with explanation,Yes,No,CR2047406,US-2015-156029
2020-12-15,Making Customers Repeat Their Problem,Branch,Closed with explanation,Yes,Yes,CR2146555,US-2015-155596
2020-04-29,Uninterested Service Rep,Mobile App,Closed with explanation,Yes,No,CR2195804,US-2015-157117
2022-03-18,No First Call Resolution,Mobile App,Closed with monetary relief,Yes,No,CR0411108,US-2015-154444
2022-08-28,Making Customers Repeat Their Problem,Branch,Closed with explanation,Yes,No,CR1910227,US-2015-156728
2020-05-12,Lack of Follow Up,Email,Closed with explanation,Yes,No,CR1941865,US-2015-154442
2022-12-09,Uninterested Service Rep,Branch,Closed with monetary relief,Yes,Yes,CR1833581,US-2015-154827
2021-10-13,Lack of Follow Up,Phone Support,Closed,Yes,No,CR1481909,US-2015-155076
2023-01-12,Unavailable or Out of Stock Product,Email,Closed with explanation,Yes,No,CR2008113,US-2015-158450
2021-02-15,Lack of Follow Up,Branch,Closed with explanation,Yes,Yes,CR1355330,US-2015-155888
2019-01-22,Unavailable or Out of Stock Product,Email,Closed with explanation,Yes,No,CR1835930,US-2015-159749
2021-10-02,Lack of Follow Up,Email,Closed with explanation,Yes,,CR2348744,US-2015-152389
2023-09-02,Unavailable or Out of Stock Product,Email,Closed with explanation,Yes,,CR2344749,US-2015-151875
2021-12-02,Lack of Follow Up,Mobile App,Closed with explanation,Yes,Yes,CR0869660,US-2015-155316
2021-07-19,Lack of Follow Up,Mobile App,Closed with monetary relief,Yes,No,CR1744554,US-2015-154259
2019-12-16,New Product or Feature Request,Mobile App,Closed,Yes,No,CR1475200,US-2015-152984
2021-12-16,Making Customers Repeat Their Problem,Branch,Closed with explanation,Yes,No,CR1142808,US-2015-156429
2023-03-25,Uninterested Service Rep,Phone Support,Closed with monetary relief,Yes,No,CR2228854,US-2015-160211
2022-05-20,Uninterested Service Rep,Branch,Closed with monetary relief,Yes,No,CR1360875,US-2015-158656
2023-07-15,Lack of Follow Up,Mobile App,Closed with non-monetary relief,Yes,No,CR1550513,US-2015-153191
2021-11-22,Uninterested Service Rep,Branch,Closed with explanation,Yes,Yes,CR2151317,US-2015-157548
2023-05-16,Uninterested Service Rep,Email,Closed with explanation,Yes,No,CR1148113,US-2015-157339
2021-07-08,No First Call Resolution,Branch,Closed with explanation,Yes,No,CR2004264,US-2015-157903
2019-08-01,Poor Product or Service,Mobile App,Closed with monetary relief,Yes,No,CR1734737,US-2015-159595
2019-08-11,Lack of Follow Up,Email,Closed with monetary relief,Yes,No,CR2230146,US-2015-158182
2020-05-04,Lack of Follow Up,Mobile App,Closed with explanation,Yes,No,CR1942158,US-2015-158226
2023-05-31,New Product or Feature Request,Mobile App,Closed with explanation,Yes,No,CR1631397,US-2015-158289
2019-09-13,Lack of Follow Up,Mobile App,Closed with monetary relief,Yes,No,CR1741597,US-2015-159174
2022-11-13,New Product or Feature Request,Phone Support,Closed with explanation,Yes,Yes,CR0574864,US-2015-158712
2019-06-10,Lack of Follow Up,Mobile App,Closed with non-monetary relief,Yes,No,CR1455862,US-2015-159862
2021-07-30,Long wait on hold,Mobile App,Closed with non-monetary relief,Yes,Yes,CR1550303,US-2015-152187
2021-05-06,Lack of Follow Up,Branch,Closed with relief,Yes,Yes,CR0054494,US-2015-154843
2022-01-27,Uninterested Service Rep,Email,Closed with explanation,Yes,No,CR1739982,US-2015-155811
2023-04-07,No First Call Resolution,Mobile App,Closed with explanation,Yes,No,CR1452043,US-2015-157526
2021-02-18,Poor Product or Service,Branch,Closed with explanation,Yes,No,CR0865818,US-2015-154918
2023-10-03,Uninterested Service Rep,Mobile App,Closed with explanation,Yes,No,CR2102776,US-2015-160304
2023-09-08,Making Customers Repeat Their Problem,Mobile App,Closed with monetary relief,Yes,No,CR2104114,US-2015-158577
2020-12-29,Poor Product or Service,Email,Closed with explanation,Yes,Yes,CR1910899,US-2015-153582
2019-11-04,Long wait on hold,Mobile App,Closed with explanation,Yes,Yes,CR0229326,US-2015-155762
2019-03-19,Lack of Follow Up,Email,Closed with explanation,Yes,No,CR1630423,US-2015-158156
2020-06-24,Uninterested Service Rep,Branch,Closed with monetary relief,Yes,No,CR0229354,US-2015-158196
2023-03-01,Poor Product or Service,Mobile App,Closed with relief,Yes,No,CR0044568,US-2015-159626
2021-03-11,Uninterested Service Rep,Mobile App,Closed with explanation,Yes,Yes,CR0567779,US-2015-152053
2020-02-22,Uninterested Service Rep,Branch,Closed with explanation,Yes,No,CR2149200,US-2015-151319
2023-01-06,Making Customers Repeat Their Problem,Email,Closed with monetary relief,Yes,No,CR0404275,US-2015-159849
2021-11-21,Lack of Follow Up,Email,Closed with explanation,Yes,Yes,CR0418611,US-2015-154708
2021-10-22,Long wait on hold,Email,Closed with explanation,Yes,No,CR1377630,US-2015-160175
2019-12-28,Lack of Follow Up,Phone Support,Closed with explanation,Yes,No,CR2236702,US-2015-158172
2022-01-31,Making Customers Repeat Their Problem,Mobile App,Closed with explanation,No,Yes,CR0091084,US-2015-158595
2019-01-25,Lack of Follow Up,Branch,Closed with explanation,Yes,No,CR2157111,US-2015-155081
2019-03-04,Poor Product or Service,Mobile App,Closed with explanation,Yes,,CR1756498,US-2015-157915
2020-11-24,Poor Product or Service,Branch,Closed with explanation,Yes,No,CR0245763,US-2015-156349
2020-05-20,Unavailable or Out of Stock Product,Mobile App,Closed with explanation,Yes,No,CR1484197,US-2015-150978
2022-10-31,Lack of Follow Up,Branch,Closed with explanation,Yes,No,CR2107839,US-2015-151113
2021-01-24,New Product or Feature Request,Email,Closed with non-monetary relief,Yes,No,CR1554501,US-2015-156870
2019-07-21,New Product or Feature Request,Phone Support,Closed with explanation,Yes,No,CR0887544,US-2015-153103
2019-11-02,Making Customers Repeat Their Problem,Branch,Closed with explanation,Yes,Yes,CR0603229,US-2015-150997
2021-09-30,Long wait on hold,Mobile App,Closed with explanation,Yes,Yes,CR1165956,US-2015-151649
2022-04-01,Poor Product or Service,Email,Closed with monetary relief,Yes,No,CR1750681,US-2015-156740
2022-07-30,Poor Product or Service,Branch,Closed with monetary relief,Yes,No,CR1459299,US-2015-152743
2022-03-28,Lack of Follow Up,Phone Support,Closed with explanation,Yes,,CR2349389,US-2015-155323
2020-05-31,Unavailable or Out of Stock Product,Mobile App,Closed with explanation,Yes,No,CR1834278,US-2015-153177
2023-03-15,Poor Product or Service,Email,Closed with explanation,Yes,No,CR2015196,US-2015-152990
2021-08-29,Unavailable or Out of Stock Product,Email,Closed with explanation,Yes,Yes,CR1912592,US-2015-155553
2022-05-26,Lack of Follow Up,Phone Support,Closed with non-monetary relief,Yes,No,CR1630524,US-2015-154394
2021-10-06,Uninterested Service Rep,Email,Closed with explanation,Yes,No,CR2011177,US-2015-152694
2022-12-30,Lack of Follow Up,Phone Support,Closed with non-monetary relief,Yes,No,CR1775172,US-2015-159079
2022-02-20,Lack of Follow Up,Phone Support,Closed with explanation,Yes,Yes,CR0121560,US-2015-151960
2020-03-17,Making Customers Repeat Their Problem,Phone Support,Closed with explanation,Yes,No,CR1494677,US-2015-158687
2019-07-24,Poor Product or Service,Email,Closed with explanation,Yes,No,CR0277914,US-2015-152087
2021-09-04,Uninterested Service Rep,Email,Closed with monetary relief,Yes,No,CR2112926,US-2015-155025
2021-12-10,Poor Product or Service,Email,Closed with monetary relief,Yes,No,CR1193863,US-2015-155691
2021-07-25,Poor Product or Service,Email,Closed with monetary relief,Yes,No,CR2032168,US-2015-159604
2021-08-18,Making Customers Repeat Their Problem,Mobile App,Closed with monetary relief,Yes,No,CR1752002,US-2015-153113
2020-11-15,Uninterested Service Rep,Branch,Closed with non-monetary relief,Yes,Yes,CR1645965,US-2015-153831
2022-02-05,Making Customers Repeat Their Problem,Mobile App,Closed with explanation,Yes,No,CR1565229,US-2015-153441
2021-05-24,New Product or Feature Request,Mobile App,Closed with monetary relief,Yes,No,CR0437926,US-2015-160146
2022-04-12,Unavailable or Out of Stock Product,Email,Closed with explanation,Yes,Yes,CR2081319,US-2015-153000
2020-02-24,Uninterested Service Rep,Email,Closed with explanation,Yes,No,CR1850371,US-2015-157540
2023-01-24,No First Call Resolution,Phone Support,Closed with explanation,Yes,No,CR2258552,US-2015-159554
2019-12-20,Making Customers Repeat Their Problem,Phone Support,Closed with explanation,Yes,No,CR1919514,US-2015-160124
2022-10-25,Unavailable or Out of Stock Product,Email,In progress,Yes,,CR2379569,US-2015-152390
2021-10-17,Uninterested Service Rep,Phone Support,Closed with explanation,Yes,No,CR1490998,US-2015-151543
2020-06-13,Uninterested Service Rep,Branch,Closed with non-monetary relief,Yes,No,CR1389361,US-2015-154491
2023-08-07,Lack of Follow Up,Branch,Closed with explanation,Yes,Yes,CR2172002,US-2015-154400
2022-08-04,Making Customers Repeat Their Problem,Branch,Closed with monetary relief,Yes,No,CR0947307,US-2015-152334
2022-05-09,Making Customers Repeat Their Problem,Branch,Closed with explanation,Yes,No,CR0688050,US-2015-158159
2019-10-06,Unavailable or Out of Stock Product,Branch,Closed with explanation,Yes,No,CR2147799,US-2015-153046
2023-05-29,Long wait on hold,Email,Closed with explanation,Yes,No,CR1750285,US-2015-151083
2023-04-26,No First Call Resolution,Mobile App,Closed with explanation,Yes,No,CR0230239,US-2015-152443
2023-06-12,New Product or Feature Request,Branch,Closed with explanation,Yes,Yes,CR1159924,US-2015-159141
2022-06-01,No First Call Resolution,Email,Closed with explanation,Yes,No,CR1943347,US-2015-153189
2023-04-04,Making Customers Repeat Their Problem,Mobile App,Closed with explanation,Yes,No,CR1550838,US-2015-156261
2021-12-10,Long wait on hold,Mobile App,Closed with non-monetary relief,Yes,No,CR2235451,US-2015-151631
2020-02-15,New Product or Feature Request,Phone Support,Closed with explanation,Yes,,CR2350802,US-2015-158029
2020-06-02,New Product or Feature Request,Phone Support,Closed with explanation,Yes,Yes,CR2155262,US-2015-153249
2020-05-16,No First Call Resolution,Mobile App,Closed with explanation,Yes,No,CR1630364,US-2015-158815
2023-01-23,Long wait on hold,Phone Support,Closed with monetary relief,Yes,No,CR1371826,US-2015-153677
2020-10-22,No First Call Resolution,Phone Support,Closed with explanation,Yes,No,CR2104830,US-2015-157150
2021-12-09,Poor Product or Service,Email,Closed with monetary relief,Yes,No,CR0418479,US-2015-159279
2019-06-09,Unavailable or Out of Stock Product,Phone Support,Closed with explanation,Yes,Yes,CR1909608,US-2015-156849
2023-05-03,Poor Product or Service,Branch,Closed with explanation,Yes,No,CR0587861,US-2015-154383
2019-09-10,Long wait on hold,Branch,Closed with explanation,Yes,No,CR1481105,US-2015-151369
2023-02-01,Long wait on hold,Phone Support,Closed with explanation,Yes,Yes,CR1756563,US-2015-159175
2021-09-09,Uninterested Service Rep,Phone Support,Closed with explanation,Yes,No,CR2009490,US-2015-151686
2021-07-10,Unavailable or Out of Stock Product,Email,Closed with explanation,Yes,No,CR1835332,US-2015-156903
2020-08-17,Uninterested Service Rep,Mobile App,Closed with monetary relief,No,Yes,CR0089542,US-2015-155105
2019-09-25,Long wait on hold,Mobile App,Closed with non-monetary relief,Yes,No,CR1455861,US-2015-155604
2019-10-27,Uninterested Service Rep,Phone Support,Closed with explanation,Yes,Yes,CR0871335,US-2015-160490
2020-11-02,Making Customers Repeat Their Problem,Mobile App,Closed with explanation,Yes,No,CR0949403,US-2015-155443
2022-12-02,Poor Product or Service,Email,Closed with monetary relief,Yes,No,CR2035955,US-2015-154436
2020-08-05,New Product or Feature Request,Mobile App,Closed with monetary relief,Yes,No,CR1854125,US-2015-154449
2019-07-10,Unavailable or Out of Stock Product,Mobile App,Closed with explanation,Yes,No,CR0440277,US-2015-155580
2019-09-25,Lack of Follow Up,Mobile App,Closed with explanation,Yes,No,CR1784697,US-2015-160521
2020-07-22,Unavailable or Out of Stock Product,Branch,Closed with explanation,Yes,No,CR2083797,US-2015-154209
2023-04-24,No First Call Resolution,Phone Support,Closed with explanation,Yes,No,CR1249514,US-2015-154769
2021-02-21,Unavailable or Out of Stock Product,Branch,Closed with monetary relief,Yes,,CR2381178,US-2015-154479
2019-03-30,Uninterested Service Rep,Email,Closed with explanation,Yes,No,CR1648334,US-2015-151619
2022-06-04,Making Customers Repeat Their Problem,Email,Closed with non-monetary relief,Yes,No,CR1498821,US-2015-155731
2022-03-19,Unavailable or Out of Stock Product,Branch,Closed with explanation,Yes,No,CR0689939,US-2015-155767
2021-01-20,Making Customers Repeat Their Problem,Mobile App,Closed with monetary relief,Yes,No,CR1495257,US-2015-152709
2022-01-01,Making Customers Repeat Their Problem,Mobile App,Closed with explanation,Yes,No,CR1390944,US-2015-158718
2019-05-11,No First Call Resolution,Branch,Closed with monetary relief,Yes,No,CR2259376,US-2015-152973
2023-05-10,New Product or Feature Request,Email,Closed with explanation,Yes,Yes,CR0283220,US-2015-153746
2020-06-13,Uninterested Service Rep,Mobile App,Closed with explanation,Yes,No,CR2111636,US-2015-156480
2020-05-05,New Product or Feature Request,Phone Support,Closed with explanation,Yes,Yes,CR1567700,US-2015-155131
2020-02-19,Unavailable or Out of Stock Product,Email,Closed with monetary relief,Yes,No,CR0130233,US-2015-157394
2019-03-03,Unavailable or Out of Stock Product,Email,Closed with explanation,Yes,No,CR1930395,US-2015-156887
2022-04-24,Uninterested Service Rep,Mobile App,Closed with explanation,Yes,No,CR2172937,US-2015-154791
2023-04-16,Unavailable or Out of Stock Product,Mobile App,Closed with explanation,Yes,No,CR1755925,US-2015-152690
2019-07-14,No First Call Resolution,Phone Support,Closed with non-monetary relief,Yes,No,CR1496382,US-2015-150767
2020-08-07,No First Call Resolution,Branch,Closed with explanation,Yes,No,CR1870285,US-2015-153647
2020-01-16,Uninterested Service Rep,Mobile App,Closed with explanation,Yes,No,CR2271991,US-2015-153252
2020-08-13,No First Call Resolution,Mobile App,Closed with explanation,Yes,Yes,CR1305593,US-2015-154772
2020-09-12,Poor Product or Service,Branch,Closed with explanation,Yes,No,CR1544229,US-2015-152636
2021-01-22,Long wait on hold,Email,Closed with explanation,Yes,Yes,CR1415743,US-2015-160164
2019-12-05,Long wait on hold,Branch,Closed with explanation,Yes,Yes,CR0313086,US-2015-153532
2021-03-19,Long wait on hold,Branch,Closed with monetary relief,Yes,No,CR0138644,US-2015-158754
2020-06-13,Unavailable or Out of Stock Product,Phone Support,Closed with monetary relief,Yes,No,CR2132541,US-2015-151097
2019-07-25,New Product or Feature Request,Email,Closed with explanation,Yes,No,CR1941376,US-2015-159225
2020-01-12,No First Call Resolution,Mobile App,Closed with explanation,Yes,,CR2394945,US-2015-151517
2021-09-02,Poor Product or Service,Email,Closed with explanation,Yes,Yes,CR1577468,US-2015-151119
2021-05-10,Making Customers Repeat Their Problem,Mobile App,Closed with explanation,Yes,No,CR1660050,US-2015-159361
2022-08-10,No First Call Resolution,Email,Closed with explanation,Yes,No,CR1766940,US-2015-158986
2021-11-12,Unavailable or Out of Stock Product,Branch,Closed with explanation,Yes,No,CR2118524,US-2015-153065
2020-06-09,New Product or Feature Request,Branch,Closed with non-monetary relief,Yes,No,CR2184797,US-2015-154925
2022-08-29,Making Customers Repeat Their Problem,Phone Support,Closed with monetary relief,Yes,No,CR0479451,US-2015-160112
2020-12-30,Unavailable or Out of Stock Product,Phone Support,Closed with explanation,Yes,Yes,CR0718616,US-2015-156645
2023-03-04,Long wait on hold,Email,Closed with non-monetary relief,Yes,No,CR2047529,US-2015-154480
2021-09-08,New Product or Feature Request,Mobile App,Closed with explanation,Yes,No,CR0991303,US-2015-151587
2020-12-20,Lack of Follow Up,Mobile App,Closed with explanation,Yes,No,CR1822084,US-2015-159641
2021-03-08,New Product or Feature Request,Email,Closed with explanation,Yes,No,CR2150336,US-2015-155086
2019-01-20,New Product or Feature Request,Branch,Closed with monetary relief,Yes,No,CR2119879,US-2015-151989
2023-05-05,Poor Product or Service,Email,Closed with monetary relief,Yes,No,CR2061914,US-2015-158058
2023-01-02,Lack of Follow Up,Branch,Closed with explanation,Yes,Yes,CR1500202,US-2015-160523
2019-12-14,Poor Product or Service,Branch,In progress,Yes,,CR2397904,US-2015-154387
2019-06-26,Long wait on hold,Phone Support,Closed with explanation,Yes,No,CR2208613,US-2015-159926
2021-07-12,Uninterested Service Rep,Email,Closed with explanation,Yes,No,CR1873543,US-2015-156054
2022-06-03,No First Call Resolution,Mobile App,Closed with explanation,Yes,No,CR1680495,US-2015-151844
2023-10-04,Poor Product or Service,Phone Support,Closed with explanation,Yes,No,CR1313087,US-2015-158031
2022-05-28,No First Call Resolution,Phone Support,Closed with explanation,Yes,No,CR1418766,US-2015-150992
2022-12-21,Long wait on hold,Phone Support,Closed with explanation,Yes,No,CR1580992,US-2015-158028
2023-01-14,Lack of Follow Up,Branch,Closed with explanation,Yes,No,CR1340503,US-2015-156383
2023-06-21,Unavailable or Out of Stock Product,Mobile App,Closed with explanation,Yes,No,CR1772134,US-2015-158139
2019-06-27,Poor Product or Service,Phone Support,Closed with explanation,Yes,No,CR2193859,US-2015-154752
2019-09-15,Making Customers Repeat Their Problem,Branch,Closed with explanation,No,No,CR0161683,US-2015-153848
2021-07-08,Unavailable or Out of Stock Product,Phone Support,Closed with explanation,Yes,No,CR0322720,US-2015-152868
2020-08-11,Making Customers Repeat Their Problem,Phone Support,Closed,Yes,No,CR2277705,US-2015-152328
2022-10-22,New Product or Feature Request,Phone Support,Closed with monetary relief,Yes,No,CR1015058,US-2015-158274
2023-09-01,Long wait on hold,Mobile App,Closed with monetary relief,Yes,No,CR1566591,US-2015-156095
2022-06-16,Uninterested Service Rep,Email,Closed with explanation,Yes,No,CR0487225,US-2015-160075
2021-11-09,Lack of Follow Up,Branch,Closed with explanation,Yes,No,CR1949659,US-2015-160581
2022-02-21,No First Call Resolution,Mobile App,Closed with monetary relief,Yes,No,CR0746087,US-2015-158441
2023-02-16,Making Customers Repeat Their Problem,Mobile App,Closed with explanation,Yes,No,CR1863969,US-2015-158800
2023-06-04,Making Customers Repeat Their Problem,Branch,Closed with explanation,Yes,No,CR1819921,US-2015-154510
2022-06-15,Uninterested Service Rep,Phone Support,Closed with explanation,Yes,Yes,CR1820535,US-2015-156327
2019-04-07,Poor Product or Service,Email,Closed with explanation,Yes,No,CR1016584,US-2015-153588
2019-11-30,Unavailable or Out of Stock Product,Phone Support,Closed with explanation,Yes,No,CR2199697,US-2015-155274
2022-01-29,No First Call Resolution,Mobile App,Closed with monetary relief,Yes,No,CR0327025,US-2015-158987
2019-08-14,No First Call Resolution,Phone Support,Closed with explanation,Yes,No,CR1869568,US-2015-157196
2019-01-09,Lack of Follow Up,Mobile App,Closed with explanation,Yes,No,CR2061433,US-2015-153566
2022-07-06,New Product or Feature Request,Branch,Closed with explanation,Yes,No,CR2120430,US-2015-152095
2019-12-31,No First Call Resolution,Mobile App,Closed with explanation,Yes,No,CR1949866,US-2015-153960
2019-06-05,Uninterested Service Rep,Phone Support,Closed with explanation,Yes,No,CR1507355,US-2015-156847
2022-06-13,New Product or Feature Request,Phone Support,Closed with explanation,Yes,Yes,CR1584140,US-2015-157523
2020-09-20,New Product or Feature Request,Mobile App,Closed with explanation,Yes,Yes,CR0490204,US-2015-154863
2020-08-01,Unavailable or Out of Stock Product,Mobile App,Closed with monetary relief,Yes,No,CR1693185,US-2015-152116
2021-04-01,Lack of Follow Up,Email,Closed with explanation,Yes,No,CR2280052,US-2015-158183
2021-06-02,Uninterested Service Rep,Mobile App,Closed with non-monetary relief,Yes,No,CR1777183,US-2015-153740
2019-04-08,Unavailable or Out of Stock Product,Email,Closed with non-monetary relief,Yes,No,CR1573466,US-2015-157919
2022-02-25,Uninterested Service Rep,Branch,Closed with explanation,Yes,No,CR1316790,US-2015-151390
2023-08-26,Long wait on hold,Mobile App,Closed with explanation,Yes,No,CR1419754,US-2015-152304
2022-05-20,Lack of Follow Up,Email,Closed with explanation,Yes,No,CR0783255,US-2015-152508
2022-11-27,Making Customers Repeat Their Problem,Phone Support,Closed with monetary relief,Yes,No,CR2214250,US-2015-154123
2022-11-07,Uninterested Service Rep,Mobile App,Closed with explanation,Yes,No,CR1338985,US-2015-151707
2020-05-21,No First Call Resolution,Phone Support,Closed with explanation,Yes,No,CR0170715,US-2015-156369
2019-02-09,Poor Product or Service,Branch,Closed with explanation,Yes,No,CR1874408,US-2015-150875
2023-05-09,Long wait on hold,Phone Support,In progress,Yes,,CR2398557,US-2015-158496
2021-03-18,Uninterested Service Rep,Mobile App,Closed with monetary relief,Yes,No,CR2239563,US-2015-158476
2023-05-08,Poor Product or Service,Branch,Closed with explanation,Yes,Yes,CR1823106,US-2015-158847
2023-02-28,Poor Product or Service,Branch,Closed with explanation,Yes,No,CR2109011,US-2015-153105
2020-08-21,Lack of Follow Up,Branch,Closed with explanation,Yes,No,CR0090075,US-2015-151025
2023-04-18,No First Call Resolution,Phone Support,Closed with explanation,Yes,No,CR1773807,US-2015-154047
2021-10-24,Unavailable or Out of Stock Product,Branch,Closed with explanation,Yes,No,CR1167964,US-2015-159570
2020-06-24,Poor Product or Service,Phone Support,Closed with explanation,Yes,Yes,CR0420867,US-2015-158196
2019-09-09,Making Customers Repeat Their Problem,Mobile App,Closed with explanation,Yes,No,CR1555127,US-2015-154458
2022-11-12,Making Customers Repeat Their Problem,Mobile App,Closed with explanation,Yes,No,CR1916042,US-2015-150940
2022-11-24,Unavailable or Out of Stock Product,Email,Closed with explanation,Yes,No,CR2029764,US-2015-153273
2021-09-11,Lack of Follow Up,Branch,Closed with monetary relief,Yes,No,CR0256410,US-2015-154477
2022-09-15,Uninterested Service Rep,Email,Closed with explanation,Yes,No,CR2250123,US-2015-159787
2019-03-11,Making Customers Repeat Their Problem,Mobile App,Closed with monetary relief,Yes,No,CR1484298,US-2015-155773
2022-05-13,Long wait on hold,Mobile App,Closed with explanation,Yes,No,CR0888321,US-2015-151438
2023-01-12,Uninterested Service Rep,Phone Support,Closed with explanation,Yes,No,CR0644531,US-2015-159268
2019-02-19,Long wait on hold,Mobile App,Closed with explanation,Yes,No,CR1839721,US-2015-153200
2020-02-13,Unavailable or Out of Stock Product,Phone Support,Closed with explanation,Yes,No,CR2036377,US-2015-160238
2021-06-07,Long wait on hold,Phone Support,Closed with explanation,Yes,Yes,CR1762648,US-2015-155605
2022-10-17,No First Call Resolution,Branch,Closed with explanation,Yes,No,CR0659192,US-2015-156616
2023-07-11,Poor Product or Service,Phone Support,Closed with explanation,Yes,No,CR1484603,US-2015-154015
2019-03-19,Uninterested Service Rep,Phone Support,Closed with explanation,Yes,No,CR1843712,US-2015-159028
2021-03-16,Poor Product or Service,Email,Closed with monetary relief,Yes,,CR2362994,US-2015-152841
2021-05-17,Long wait on hold,Email,Closed with monetary relief,Yes,No,CR1633056,US-2015-156424
2019-02-15,Uninterested Service Rep,Mobile App,Closed with monetary relief,Yes,No,CR0428430,US-2015-156417
2021-09-11,Unavailable or Out of Stock Product,Phone Support,Closed with explanation,Yes,No,CR1640566,US-2015-154477
2022-01-03,Lack of Follow Up,Mobile App,Closed with explanation,Yes,Yes,CR1752931,US-2015-155747
2020-04-03,Uninterested Service Rep,Phone Support,Closed with explanation,Yes,,CR2378054,US-2015-160259
2020-04-05,Making Customers Repeat Their Problem,Email,Closed with explanation,Yes,Yes,CR1182664,US-2015-160180
2020-03-18,Making Customers Repeat Their Problem,Phone Support,Closed with explanation,Yes,No,CR2017443,US-2015-159665
2020-09-22,Long wait on hold,Email,Closed with monetary relief,Yes,No,CR2159818,US-2015-158112
2019-12-18,Making Customers Repeat Their Problem,Mobile App,Closed with explanation,Yes,No,CR2011299,US-2015-152670
2021-07-12,Uninterested Service Rep,Email,Closed with explanation,Yes,No,CR1750873,US-2015-157795
2023-01-12,Long wait on hold,Phone Support,Closed with explanation,Yes,Yes,CR1483597,US-2015-159268
2019-12-05,Lack of Follow Up,Mobile App,Closed with explanation,Yes,No,CR1384077,US-2015-160412
2022-05-28,Unavailable or Out of Stock Product,Branch,Closed with explanation,Yes,No,CR0927871,US-2015-157274
2021-08-16,Unavailable or Out of Stock Product,Branch,Closed with explanation,Yes,Yes,CR1557863,US-2015-151047
2021-04-18,Making Customers Repeat Their Problem,Mobile App,Closed with explanation,Yes,Yes,CR2238023,US-2015-156123
2022-08-11,Unavailable or Out of Stock Product,Mobile App,Closed with non-monetary relief,Yes,Yes,CR0097731,US-2015-158624
2021-11-27,Making Customers Repeat Their Problem,Mobile App,Closed with explanation,Yes,Yes,CR2166955,US-2015-158117
2022-11-18,Lack of Follow Up,Email,Closed with explanation,Yes,No,CR2106553,US-2015-158327
2020-03-29,Unavailable or Out of Stock Product,Mobile App,Closed with explanation,Yes,No,CR0257240,US-2015-155329
2020-08-02,No First Call Resolution,Phone Support,Closed with explanation,Yes,No,CR1387408,US-2015-152288
2022-06-30,Uninterested Service Rep,Phone Support,Closed with explanation,Yes,No,CR1467137,US-2015-156450
2021-11-08,Uninterested Service Rep,Branch,Closed with monetary relief,Yes,No,CR1919975,US-2015-155235
2020-09-01,Making Customers Repeat Their Problem,Mobile App,Closed with monetary relief,Yes,No,CR0739756,US-2015-151138
2020-05-17,Poor Product or Service,Phone Support,Closed with explanation,Yes,No,CR1580111,US-2015-158326
2023-08-29,No First Call Resolution,Branch,Closed with monetary relief,Yes,No,CR1007303,US-2015-155484
2021-03-25,No First Call Resolution,Phone Support,Closed with explanation,Yes,No,CR2055729,US-2015-158843
2020-09-01,Uninterested Service Rep,Email,Closed with explanation,Yes,Yes,CR0146975,US-2015-151138
2019-08-27,Poor Product or Service,Email,Closed with explanation,Yes,No,CR2118493,US-2015-152237
2023-04-14,Long wait on hold,Phone Support,Closed with non-monetary relief,Yes,No,CR2184843,US-2015-158330
2023-05-04,Unavailable or Out of Stock Product,Mobile App,Closed with explanation,Yes,No,CR1769933,US-2015-152124
2019-04-09,New Product or Feature Request,Phone Support,Closed with explanation,Yes,No,CR1941546,US-2015-158772
2023-07-27,Lack of Follow Up,Branch,Closed with explanation,Yes,No,CR0480773,US-2015-156668
2022-10-31,Lack of Follow Up,Branch,Closed with explanation,Yes,Yes,CR1675811,US-2015-151352
2020-01-28,Unavailable or Out of Stock Product,Phone Support,Closed with explanation,Yes,No,CR1845683,US-2015-157836
2021-07-24,Unavailable or Out of Stock Product,Branch,Closed with explanation,Yes,No,CR2189595,US-2015-159291
2023-07-13,No First Call Resolution,Branch,Closed with explanation,Yes,No,CR1313382,US-2015-153390
2021-12-24,Poor Product or Service,Branch,Closed with explanation,Yes,No,CR2275295,US-2015-157624
2021-01-08,No First Call Resolution,Phone Support,Closed with non-monetary relief,Yes,No,CR1334090,US-2015-158137
2023-04-07,Making Customers Repeat Their Problem,Branch,In progress,Yes,,CR2397006,US-2015-159699
2022-10-27,Lack of Follow Up,Mobile App,Closed with explanation,Yes,No,CR0315956,US-2015-159252
2019-05-11,Lack of Follow Up,Mobile App,Closed with explanation,Yes,No,CR1563107,US-2015-158730
2020-05-10,Uninterested Service Rep,Branch,Closed with explanation,Yes,No,CR1414538,US-2015-156143
2021-10-29,Lack of Follow Up,Mobile App,Closed with monetary relief,Yes,No,CR1874223,US-2015-151294
2021-07-01,Uninterested Service Rep,Email,Closed with explanation,Yes,No,CR1497595,US-2015-157905
2023-02-27,Making Customers Repeat Their Problem,Email,Closed with explanation,Yes,No,CR2124324,US-2015-155518
2022-09-12,Lack of Follow Up,Phone Support,Closed with explanation,Yes,No,CR1509134,US-2015-153943
2023-01-14,Uninterested Service Rep,Phone Support,In progress,Yes,,CR2399597,US-2015-157399
2022-11-16,Long wait on hold,Mobile App,Closed with explanation,Yes,Yes,CR1874694,US-2015-152085
2022-02-12,No First Call Resolution,Phone Support,Closed with explanation,Yes,No,CR2225814,US-2015-158296
2019-12-07,Long wait on hold,Branch,Closed with explanation,Yes,Yes,CR2209979,US-2015-154486
2020-05-04,No First Call Resolution,Branch,Closed with monetary relief,Yes,No,CR1344050,US-2015-158470
2023-07-26,Uninterested Service Rep,Email,Closed with explanation,Yes,No,CR1693184,US-2015-153620
2022-01-20,No First Call Resolution,Mobile App,Closed with non-monetary relief,Yes,No,CR0785224,US-2015-156626
2019-04-03,No First Call Resolution,Phone Support,Closed with explanation,Yes,No,CR0327012,US-2015-151621
2023-06-04,Long wait on hold,Branch,Closed with explanation,Yes,No,CR2200226,US-2015-157072
2021-04-12,Poor Product or Service,Phone Support,Closed with monetary relief,Yes,No,CR2283829,US-2015-158474
2019-02-16,Unavailable or Out of Stock Product,Email,Closed with explanation,Yes,No,CR1780662,US-2015-151738
2019-03-14,Long wait on hold,Mobile App,Closed with explanation,Yes,No,CR1418533,US-2015-155369
2020-10-24,New Product or Feature Request,Phone Support,Closed with explanation,Yes,Yes,CR1321268,US-2015-153668
2021-07-27,Making Customers Repeat Their Problem,Mobile App,Closed with explanation,Yes,No,CR0182259,US-2015-155016
2022-03-07,Unavailable or Out of Stock Product,Email,Closed with explanation,Yes,No,CR1590438,US-2015-160543
2020-12-13,Unavailable or Out of Stock Product,Branch,Closed with non-monetary relief,Yes,No,CR1957744,US-2015-158792
2021-08-19,No First Call Resolution,Phone Support,Closed with explanation,Yes,No,CR1587313,US-2015-156300
2022-05-27,New Product or Feature Request,Phone Support,Closed with explanation,Yes,No,CR2058582,US-2015-157250
2020-03-21,Lack of Follow Up,Phone Support,Closed with explanation,Yes,No,CR0500647,US-2015-158532
2019-09-05,Poor Product or Service,Mobile App,Closed with explanation,Yes,Yes,CR1020704,US-2015-160500
2021-09-25,No First Call Resolution,Phone Support,Closed with monetary relief,Yes,No,CR1882476,US-2015-156041
2021-01-25,Uninterested Service Rep,Phone Support,Closed with explanation,Yes,No,CR2241469,US-2015-158936
2019-08-12,Long wait on hold,Branch,Closed with explanation,Yes,Yes,CR2241293,US-2015-156516
2020-03-08,No First Call Resolution,Email,Closed with non-monetary relief,Yes,No,CR1824920,US-2015-158006
2020-02-29,Unavailable or Out of Stock Product,Mobile App,Closed with explanation,Yes,No,CR1823750,US-2015-152898
2023-05-06,Unavailable or Out of Stock Product,Mobile App,Closed with explanation,Yes,Yes,CR0644906,US-2015-157488
2021-06-13,No First Call Resolution,Email,Closed with explanation,Yes,No,CR1484141,US-2015-158710
2021-11-20,Lack of Follow Up,Mobile App,Closed with monetary relief,Yes,No,CR0255281,US-2015-155979
2023-08-24,No First Call Resolution,Branch,Closed with explanation,Yes,No,CR2165760,US-2015-159910
2023-02-11,No First Call Resolution,Phone Support,Closed with explanation,Yes,No,CR1764286,US-2015-159566
2023-08-05,Long wait on hold,Mobile App,Closed with non-monetary relief,Yes,Yes,CR0094377,US-2015-160492
2019-08-28,Making Customers Repeat Their Problem,Branch,Closed with explanation,Yes,No,CR1633043,US-2015-153766
2022-07-02,Long wait on hold,Email,Closed with explanation,Yes,Yes,CR0922473,US-2015-156030
2023-01-16,Unavailable or Out of Stock Product,Phone Support,Closed with monetary relief,Yes,,CR2368744,US-2015-153409
2021-12-31,Unavailable or Out of Stock Product,Mobile App,Closed with explanation,Yes,No,CR1385114,US-2015-152171
2019-08-28,Unavailable or Out of Stock Product,Email,Closed with explanation,Yes,No,CR2106806,US-2015-153348
2022-08-16,Uninterested Service Rep,Email,Closed with explanation,Yes,No,CR1554953,US-2015-152174
2020-06-27,Lack of Follow Up,Phone Support,Closed with explanation,Yes,No,CR1474895,US-2015-152219
2021-11-15,New Product or Feature Request,Mobile App,Closed with explanation,Yes,No,CR2024387,US-2015-152658
2022-07-02,Uninterested Service Rep,Phone Support,Closed with non-monetary relief,Yes,No,CR1917514,US-2015-160227
2022-06-16,Long wait on hold,Mobile App,Closed with explanation,Yes,No,CR2239685,US-2015-153180
2020-05-06,No First Call Resolution,Mobile App,Closed with explanation,Yes,No,CR1751316,US-2015-159289
2020-05-22,Lack of Follow Up,Email,Closed with explanation,Yes,No,CR1839619,US-2015-156898
2023-05-13,Unavailable or Out of Stock Product,Branch,Closed with explanation,Yes,No,CR0426655,US-2015-156537
2022-05-31,Making Customers Repeat Their Problem,Phone Support,Closed with explanation,Yes,No,CR1182076,US-2015-159948
2023-09-11,Poor Product or Service,Email,Closed with monetary relief,Yes,No,CR2019528,US-2015-152845
2021-10-05,Uninterested Service Rep,Phone Support,Closed with monetary relief,Yes,Yes,CR2053856,US-2015-151454
2019-10-01,Making Customers Repeat Their Problem,Email,Closed with explanation,Yes,No,CR0338363,US-2015-152564
2019-04-20,Poor Product or Service,Email,Closed with explanation,Yes,No,CR0789608,US-2015-155667
2020-05-31,Making Customers Repeat Their Problem,Branch,Closed with explanation,Yes,,CR2398513,US-2015-152978
2020-03-17,New Product or Feature Request,Mobile App,Closed with explanation,Yes,Yes,CR2254957,US-2015-150684
2022-02-02,No First Call Resolution,Branch,Closed with explanation,Yes,No,CR1875796,US-2015-150654
2021-07-09,Uninterested Service Rep,Phone Support,Closed with explanation,Yes,No,CR1509215,US-2015-152386
2020-05-29,Long wait on hold,Mobile App,Closed with explanation,Yes,Yes,CR1037284,US-2015-153236
2023-07-03,Making Customers Repeat Their Problem,Mobile App,Closed with explanation,Yes,No,CR0499118,US-2015-157352
2022-07-15,Making Customers Repeat Their Problem,Phone Support,Closed with monetary relief,Yes,No,CR1881766,US-2015-153859
2020-03-13,Unavailable or Out of Stock Product,Mobile App,Closed with explanation,Yes,No,CR1422293,US-2015-156393
2022-04-13,Unavailable or Out of Stock Product,Email,Closed with explanation,Yes,No,CR2209088,US-2015-151590
2020-11-05,Long wait on hold,Phone Support,Closed with explanation,Yes,Yes,CR1351891,US-2015-151470
2023-06-01,New Product or Feature Request,Branch,Closed with explanation,Yes,No,CR0185270,US-2015-153285
2019-11-16,Making Customers Repeat Their Problem,Branch,Closed with explanation,Yes,No,CR2291907,US-2015-152158
2022-01-27,Poor Product or Service,Email,Closed with monetary relief,Yes,Yes,CR1325033,US-2015-151982
2023-09-06,Making Customers Repeat Their Problem,Phone Support,Closed with explanation,Yes,No,CR2124296,US-2015-153546
2020-07-13,Unavailable or Out of Stock Product,Branch,Closed with explanation,Yes,No,CR2059861,US-2015-155036
2019-04-21,No First Call Resolution,Email,Closed with explanation,Yes,Yes,CR1693351,US-2015-158885
2021-09-06,Poor Product or Service,Mobile App,Closed with explanation,Yes,Yes,CR1590106,US-2015-154952
2022-12-07,Poor Product or Service,Mobile App,Closed with monetary relief,Yes,Yes,CR1592064,US-2015-157752
2022-02-12,New Product or Feature Request,Email,Closed with monetary relief,Yes,No,CR1959194,US-2015-158296
2023-09-05,Long wait on hold,Email,Closed with explanation,Yes,Yes,CR1786858,US-2015-153768
2022-09-11,Lack of Follow Up,Branch,Closed with monetary relief,Yes,No,CR2053433,US-2015-158339
2020-08-17,Long wait on hold,Email,Closed with monetary relief,Yes,No,CR1670934,US-2015-155105
2022-09-05,Making Customers Repeat Their Problem,Email,Closed with explanation,Yes,No,CR1874363,US-2015-154325
2020-07-21,New Product or Feature Request,Phone Support,Closed with monetary relief,Yes,No,CR0454551,US-2015-158268
2021-01-31,Lack of Follow Up,Phone Support,Closed with explanation,Yes,Yes,CR1826636,US-2015-160144
2022-06-20,Poor Product or Service,Mobile App,Closed with non-monetary relief,Yes,No,CR1496383,US-2015-155365
2019-08-28,Long wait on hold,Branch,Closed with explanation,Yes,Yes,CR0725940,US-2015-155542
2021-03-27,No First Call Resolution,Phone Support,Closed with explanation,Yes,No,CR2272079,US-2015-156044
2022-09-17,Poor Product or Service,Mobile App,Closed with explanation,Yes,No,CR1942110,US-2015-156755
2020-10-05,Long wait on hold,Branch,Closed with explanation,Yes,No,CR0314152,US-2015-159772
2023-04-27,No First Call Resolution,Phone Support,Closed with explanation,Yes,No,CR2187824,US-2015-152792
2021-11-24,New Product or Feature Request,Email,Closed with monetary relief,Yes,No,CR2140531,US-2015-153388
2021-06-14,Poor Product or Service,Mobile App,Closed with explanation,Yes,No,CR1323862,US-2015-159770
2022-01-12,Making Customers Repeat Their Problem,Email,Closed with explanation,Yes,No,CR1414194,US-2015-153642
2021-12-24,New Product or Feature Request,Branch,Closed with explanation,Yes,No,CR1544742,US-2015-155661
2019-03-08,Making Customers Repeat Their Problem,Phone Support,Closed with explanation,Yes,Yes,CR0144417,US-2015-153197
2022-01-23,Unavailable or Out of Stock Product,Mobile App,Closed with explanation,Yes,Yes,CR0997116,US-2015-155358
2023-06-20,Lack of Follow Up,Phone Support,Closed with explanation,Yes,No,CR2119080,US-2015-157925
2022-10-17,Poor Product or Service,Email,Closed with explanation,Yes,No,CR1768779,US-2015-160229
2019-11-17,Lack of Follow Up,Phone Support,Closed with non-monetary relief,Yes,No,CR1578014,US-2015-156589
2023-08-28,New Product or Feature Request,Email,In progress,Yes,,CR2394492,US-2015-151881
2022-12-05,Making Customers Repeat Their Problem,Branch,Closed with explanation,Yes,No,CR1737466,US-2015-155511
2023-08-29,Uninterested Service Rep,Phone Support,Closed with explanation,Yes,No,CR1828100,US-2015-155484
2020-05-13,Uninterested Service Rep,Mobile App,Closed with monetary relief,Yes,No,CR1739146,US-2015-156914
2022-05-04,No First Call Resolution,Mobile App,Closed with non-monetary relief,Yes,No,CR2106749,US-2015-150842
2022-06-07,Unavailable or Out of Stock Product,Mobile App,Closed with explanation,Yes,No,CR1434539,US-2015-155683
2022-07-10,Lack of Follow Up,Branch,Closed with monetary relief,Yes,No,CR2212245,US-2015-154097
2019-10-18,Poor Product or Service,Mobile App,In progress,Yes,,CR2403665,US-2015-160475
2020-11-23,Unavailable or Out of Stock Product,Email,Closed with explanation,Yes,No,CR2295998,US-2015-157730
2023-05-15,Unavailable or Out of Stock Product,Mobile App,Closed with explanation,Yes,No,CR1328481,US-2015-155062
2023-03-01,Making Customers Repeat Their Problem,Mobile App,Closed with explanation,Yes,No,CR1712593,US-2015-155613
2022-05-31,No First Call Resolution,Mobile App,Closed with explanation,Yes,Yes,CR0194736,US-2015-151862
2023-06-10,New Product or Feature Request,Email,Closed with explanation,Yes,No,CR1359157,US-2015-152807
2023-02-22,Making Customers Repeat Their Problem,Email,Closed with explanation,Yes,No,CR2123996,US-2015-157726
2020-01-20,New Product or Feature Request,Email,Closed with explanation,Yes,Yes,CR0795200,US-2015-150927
2023-02-08,Lack of Follow Up,Email,Closed with explanation,Yes,No,CR1043298,US-2015-157490
2019-03-22,Making Customers Repeat Their Problem,Phone Support,Closed with explanation,Yes,No,CR1875589,US-2015-156528
2020-02-13,New Product or Feature Request,Branch,Closed with explanation,Yes,,CR2319065,US-2015-160252
2023-05-10,Making Customers Repeat Their Problem,Email,Closed with explanation,Yes,Yes,CR1967343,US-2015-155449
2020-08-09,New Product or Feature Request,Mobile App,Closed with explanation,Yes,Yes,CR1516691,US-2015-156092
2019-04-23,Long wait on hold,Phone Support,Closed with explanation,Yes,No,CR1790071,US-2015-151912
2022-04-09,Lack of Follow Up,Phone Support,Closed with explanation,Yes,Yes,CR1621364,US-2015-157235
2019-09-01,Poor Product or Service,Phone Support,Closed with explanation,Yes,Yes,CR0347128,US-2015-152162
2019-02-04,Long wait on hold,Email,Closed with explanation,Yes,Yes,CR2067841,US-2015-154248
2020-12-06,Uninterested Service Rep,Email,Closed with monetary relief,Yes,Yes,CR1885950,US-2015-157415
2020-07-14,Lack of Follow Up,Phone Support,Closed with explanation,Yes,Yes,CR1597893,US-2015-156382
2022-09-20,Unavailable or Out of Stock Product,Mobile App,Closed with monetary relief,Yes,No,CR0503464,US-2015-158223
2019-03-07,Poor Product or Service,Email,Closed with monetary relief,Yes,No,CR1878237,US-2015-154635
2023-05-26,Lack of Follow Up,Mobile App,Closed with explanation,Yes,No,CR1524415,US-2015-156943
2020-02-23,Long wait on hold,Email,Closed with explanation,Yes,No,CR1381322,US-2015-154372
2023-01-06,Long wait on hold,Phone Support,Closed with explanation,Yes,Yes,CR1440934,US-2015-152980
2020-12-25,Unavailable or Out of Stock Product,Email,Closed with explanation,Yes,,CR2406312,US-2015-152711
2019-11-30,New Product or Feature Request,Branch,Closed with explanation,Yes,No,CR1894861,US-2015-155274
2019-07-14,Lack of Follow Up,Phone Support,Closed with explanation,Yes,No,CR1384883,US-2015-150767
2021-06-20,Long wait on hold,Branch,Closed with explanation,Yes,Yes,CR1440090,US-2015-158035
2021-01-05,Unavailable or Out of Stock Product,Phone Support,Closed with explanation,Yes,,CR2347888,US-2015-151746
2020-07-20,Unavailable or Out of Stock Product,Branch,Closed with explanation,Yes,No,CR2068994,US-2015-153306
2022-11-24,Poor Product or Service,Email,Closed with explanation,Yes,,CR2323490,US-2015-159199
2022-08-10,Uninterested Service Rep,Branch,Closed with explanation,Yes,No,CR0800215,US-2015-158986
2022-05-21,Long wait on hold,Branch,Closed with explanation,Yes,No,CR2311024,US-2015-160351
2022-03-13,Long wait on hold,Phone Support,Closed with explanation,Yes,No,CR0508374,US-2015-154944
2021-01-13,Lack of Follow Up,Mobile App,Closed with explanation,Yes,No,CR1608859,US-2015-158374
2023-02-17,No First Call Resolution,Phone Support,Closed with explanation,Yes,Yes,CR0362356,US-2015-160460
2021-10-30,Uninterested Service Rep,Phone Support,Closed with explanation,Yes,No,CR1645852,US-2015-160027
2022-07-09,No First Call Resolution,Phone Support,Closed with non-monetary relief,Yes,No,CR2298405,US-2015-151782
2019-06-17,No First Call Resolution,Email,Closed with explanation,Yes,Yes,CR1974115,US-2015-151343
2019-11-24,No First Call Resolution,Mobile App,Closed with non-monetary relief,Yes,No,CR0201107,US-2015-154928
2020-03-22,Poor Product or Service,Branch,Closed with non-monetary relief,Yes,No,CR1877516,US-2015-157346
2022-01-11,Making Customers Repeat Their Problem,Branch,Closed with monetary relief,Yes,No,CR1718256,US-2015-151515
2019-09-01,New Product or Feature Request,Phone Support,Closed with explanation,Yes,No,CR1335855,US-2015-158827
2019-02-12,New Product or Feature Request,Phone Support,Closed with non-monetary relief,Yes,Yes,CR1792706,US-2015-159537
2021-07-19,Lack of Follow Up,Branch,Closed with explanation,Yes,No,CR0512719,US-2015-160452
2020-02-23,Long wait on hold,Phone Support,Closed with monetary relief,Yes,,CR2353277,US-2015-152035
2022-08-27,Lack of Follow Up,Phone Support,Closed with explanation,Yes,No,CR2214180,US-2015-155205
2022-12-23,Lack of Follow Up,Email,Closed with explanation,Yes,Yes,CR0361734,US-2015-154332
2019-01-14,No First Call Resolution,Phone Support,Closed with explanation,Yes,No,CR1609334,US-2015-152643
2019-01-31,No First Call Resolution,Phone Support,Closed with explanation,Yes,No,CR1052075,US-2015-150735
2020-08-30,Unavailable or Out of Stock Product,Email,Closed with explanation,Yes,Yes,CR0804364,US-2015-150900
2019-03-03,Unavailable or Out of Stock Product,Phone Support,In progress,Yes,,CR2407613,US-2015-154120
2019-09-15,Uninterested Service Rep,Email,Closed with explanation,Yes,No,CR2218454,US-2015-159500
2020-06-21,Lack of Follow Up,Email,Closed with explanation,Yes,No,CR2124247,US-2015-155137
2020-11-11,Unavailable or Out of Stock Product,Email,Closed with explanation,Yes,No,CR1905472,US-2015-151839
2022-02-07,No First Call Resolution,Branch,Closed with explanation,Yes,No,CR2080151,US-2015-159694
2021-08-05,Unavailable or Out of Stock Product,Phone Support,Closed with explanation,Yes,Yes,CR2123785,US-2015-154532
2023-05-01,Uninterested Service Rep,Mobile App,Closed with explanation,Yes,No,CR0197192,US-2015-150929
2019-11-04,Uninterested Service Rep,Branch,Closed with explanation,Yes,No,CR1631076,US-2015-151063
2023-07-10,No First Call Resolution,Phone Support,Closed with explanation,Yes,No,CR1968121,US-2015-153671
2019-02-21,Uninterested Service Rep,Branch,Closed with explanation,Yes,No,CR1331611,US-2015-160473
2019-03-19,New Product or Feature Request,Phone Support,Closed with explanation,Yes,Yes,CR1048746,US-2015-158198
2019-04-06,Lack of Follow Up,Mobile App,Closed with explanation,Yes,No,CR1795747,US-2015-153164
2021-07-17,Poor Product or Service,Phone Support,Closed with explanation,Yes,Yes,CR1522846,US-2015-154880
2020-08-07,Uninterested Service Rep,Email,Closed with non-monetary relief,Yes,No,CR1712230,US-2015-156608
2019-10-23,Unavailable or Out of Stock Product,Phone Support,Closed with monetary relief,Yes,No,CR1052629,US-2015-159292
2019-03-07,Uninterested Service Rep,Phone Support,Closed with explanation,Yes,,CR2311310,US-2015-159722
2020-10-18,Lack of Follow Up,Mobile App,Closed with explanation,Yes,No,CR1528299,US-2015-150714
2023-09-10,Making Customers Repeat Their Problem,Branch,Closed with non-monetary relief,Yes,No,CR1419608,US-2015-159084
2021-01-31,Uninterested Service Rep,Phone Support,Closed with monetary relief,Yes,No,CR2130710,US-2015-160144
2020-08-26,Making Customers Repeat Their Problem,Email,Closed with monetary relief,Yes,No,CR1892105,US-2015-159363
2019-09-19,Poor Product or Service,Branch,Closed with explanation,Yes,No,CR2079025,US-2015-153304
2022-08-25,Uninterested Service Rep,Phone Support,Closed with monetary relief,Yes,No,CR1913916,US-2015-158199
2019-03-30,Lack of Follow Up,Branch,Closed with monetary relief,Yes,No,CR0838199,US-2015-154627
2019-08-18,Making Customers Repeat Their Problem,Phone Support,Closed with explanation,Yes,No,CR1660760,US-2015-160456
2019-03-22,No First Call Resolution,Email,Closed with explanation,Yes,No,CR0369207,US-2015-156528
2020-08-24,Unavailable or Out of Stock Product,Mobile App,Closed with explanation,Yes,No,CR1799864,US-2015-155192
2022-03-16,Uninterested Service Rep,Email,Closed with explanation,Yes,Yes,CR1343326,US-2015-156578
2021-08-30,No First Call Resolution,Mobile App,Closed with explanation,Yes,No,CR0209127,US-2015-159167
2019-03-21,Making Customers Repeat Their Problem,Phone Support,Closed with monetary relief,Yes,No,CR2222223,US-2015-155457
2019-08-26,No First Call Resolution,Branch,Closed with explanation,Yes,No,CR1721069,US-2015-154941
2020-02-19,Uninterested Service Rep,Phone Support,Closed with non-monetary relief,Yes,,CR2398334,US-2015-155938
2022-02-17,Uninterested Service Rep,Branch,Closed with explanation,Yes,No,CR1986094,US-2015-156594
2022-05-18,Lack of Follow Up,Email,Closed with explanation,Yes,,CR2421250,US-2015-157435
2022-04-24,Uninterested Service Rep,Branch,Closed with monetary relief,Yes,No,CR1612696,US-2015-157453
2023-05-06,No First Call Resolution,Mobile App,Closed with explanation,Yes,No,CR0524922,US-2015-150949
2020-08-31,Uninterested Service Rep,Branch,Closed with explanation,Yes,No,CR1458455,US-2015-150761
2020-01-13,Lack of Follow Up,Branch,Closed with explanation,Yes,,CR2322711,US-2015-151901
2021-12-13,New Product or Feature Request,Phone Support,Closed with explanation,Yes,,CR2368953,US-2015-154680
2022-05-25,Making Customers Repeat Their Problem,Branch,Closed with explanation,Yes,,CR2327253,US-2015-159913
2019-11-15,Lack of Follow Up,Email,Closed with monetary relief,Yes,,CR2326406,US-2015-156321
2019-06-11,Unavailable or Out of Stock Product,Email,Closed with monetary relief,Yes,,CR2371479,US-2015-155438
2019-02-22,Uninterested Service Rep,Email,Closed with monetary relief,Yes,,CR2331971,US-2015-152025
2020-09-26,Lack of Follow Up,Email,In progress,Yes,,CR2331412,US-2015-160347
2022-11-18,Unavailable or Out of Stock Product,Mobile App,Closed with explanation,Yes,No,CR1924106,US-2015-151836
2023-07-10,Uninterested Service Rep,Mobile App,Closed with explanation,Yes,No,CR1986130,US-2015-153077
2022-03-21,Unavailable or Out of Stock Product,Mobile App,Closed with explanation,Yes,Yes,CR1350500,US-2015-155257
2020-09-10,Making Customers Repeat Their Problem,Email,Closed with explanation,Yes,No,CR1612774,US-2015-156865
2020-11-28,Poor Product or Service,Email,Closed with monetary relief,Yes,No,CR2222679,US-2015-152355
2019-10-30,No First Call Resolution,Branch,Closed with explanation,Yes,No,CR2083973,US-2015-158348
2023-01-14,Lack of Follow Up,Email,Closed with explanation,Yes,Yes,CR1802785,US-2015-154643
2023-09-02,Long wait on hold,Mobile App,Closed with explanation,Yes,,CR2375209,US-2015-151961
2022-08-26,Making Customers Repeat Their Problem,Email,Closed with explanation,Yes,,CR2313440,US-2015-158586
2019-05-05,No First Call Resolution,Email,Closed with explanation,Yes,No,CR1434177,US-2015-150682
2022-12-28,Poor Product or Service,Mobile App,Closed with explanation,Yes,No,CR1529786,US-2015-155607
2022-11-21,New Product or Feature Request,Branch,Closed with explanation,Yes,No,CR0212889,US-2015-152797
2020-07-31,Unavailable or Out of Stock Product,Mobile App,Closed with explanation,Yes,No,CR1468137,US-2015-156324
2023-06-12,Uninterested Service Rep,Email,Closed with explanation,Yes,No,CR1722292,US-2015-151664
2019-05-21,Lack of Follow Up,Mobile App,Closed with explanation,Yes,Yes,CR1676436,US-2015-154445
2019-07-03,Poor Product or Service,Mobile App,Closed with monetary relief,Yes,Yes,CR0547152,US-2015-157420
2021-11-11,Long wait on hold,Email,Closed with explanation,Yes,No,CR1898039,US-2015-154290
2020-09-20,New Product or Feature Request,Branch,Closed with relief,Yes,No,CR0014704,US-2015-159582
2019-09-11,Unavailable or Out of Stock Product,Email,Closed with explanation,Yes,Yes,CR1059300,US-2015-156380
2023-06-07,New Product or Feature Request,Email,Closed with explanation,Yes,No,CR0842671,US-2015-160354
2020-11-01,Uninterested Service Rep,Phone Support,Closed with explanation,Yes,No,CR0371074,US-2015-153282
2020-06-12,Making Customers Repeat Their Problem,Email,Closed with explanation,Yes,No,CR2131993,US-2015-151491
2023-04-22,Making Customers Repeat Their Problem,Phone Support,Closed with explanation,Yes,,CR2405000,US-2015-153780
2022-12-27,Lack of Follow Up,Mobile App,Closed with explanation,Yes,,CR2333445,US-2015-154955
2020-07-08,Unavailable or Out of Stock Product,Phone Support,Closed with explanation,Yes,,CR2335191,US-2015-159838
2019-10-16,Making Customers Repeat Their Problem,Branch,Closed with explanation,Yes,Yes,CR2281296,US-2015-159286
2019-04-16,Long wait on hold,Mobile App,Closed with explanation,Yes,,CR2336216,US-2015-150715
2022-04-06,New Product or Feature Request,Email,Closed with explanation,Yes,No,CR1357213,US-2015-154705
2023-08-06,No First Call Resolution,Branch,Closed with explanation,Yes,,CR2401648,US-2015-159333
2019-04-21,Lack of Follow Up,Mobile App,Closed with explanation,Yes,No,CR1968804,US-2015-160025
2023-01-23,No First Call Resolution,Branch,Closed with explanation,Yes,No,CR1788844,US-2015-160612
2020-09-26,Making Customers Repeat Their Problem,Email,Closed with explanation,Yes,Yes,CR0189436,US-2015-157659
2021-11-26,Long wait on hold,Email,Closed with explanation,Yes,No,CR1324289,US-2015-159403
2019-11-15,Lack of Follow Up,Email,Closed with explanation,Yes,No,CR1875991,US-2015-156967
2019-03-18,Lack of Follow Up,Mobile App,Closed with explanation,Yes,Yes,CR2293843,US-2015-156995
2023-08-04,Unavailable or Out of Stock Product,Mobile App,Closed with explanation,Yes,Yes,CR1706813,US-2015-153692
2021-04-26,Poor Product or Service,Branch,Closed with monetary relief,Yes,No,CR2065657,US-2015-157014
2021-08-30,Making Customers Repeat Their Problem,Email,Closed with explanation,Yes,No,CR0793529,US-2015-159167
2022-11-07,New Product or Feature Request,Email,Closed with monetary relief,Yes,No,CR2123924,US-2015-154080
2021-06-29,Lack of Follow Up,Phone Support,Closed,Yes,Yes,CR1621318,US-2015-152952
2019-06-28,No First Call Resolution,Mobile App,Closed with explanation,Yes,No,CR1042825,US-2015-157698
2022-04-06,Making Customers Repeat Their Problem,Phone Support,Closed with explanation,Yes,Yes,CR1590286,US-2015-155058
2022-02-24,Uninterested Service Rep,Mobile App,Closed with explanation,Yes,No,CR0338719,US-2015-155162
2021-09-29,Uninterested Service Rep,Mobile App,Closed with explanation,Yes,,CR2318000,US-2015-156202
2021-10-19,New Product or Feature Request,Phone Support,Closed with explanation,Yes,No,CR1512902,US-2015-159982
2022-04-07,Long wait on hold,Branch,Closed with explanation,Yes,Yes,CR1428359,US-2015-157940
2022-10-09,Unavailable or Out of Stock Product,Phone Support,Closed with explanation,Yes,Yes,CR1884968,US-2015-153254
2019-09-04,Long wait on hold,Branch,Closed with explanation,Yes,Yes,CR0499187,US-2015-159009
2023-07-19,No First Call Resolution,Phone Support,Closed with monetary relief,Yes,No,CR2212620,US-2015-151239
2019-08-02,Long wait on hold,Mobile App,Closed with explanation,Yes,No,CR2131061,US-2015-154665
2019-05-25,Uninterested Service Rep,Mobile App,Closed with explanation,Yes,No,CR0367356,US-2015-153995
2020-08-08,Poor Product or Service,Mobile App,Closed with explanation,Yes,No,CR1523348,US-2015-152617
2020-12-10,Making Customers Repeat Their Problem,Phone Support,Closed with monetary relief,Yes,No,CR1645849,US-2015-158648
2021-04-07,Making Customers Repeat Their Problem,Phone Support,Closed with non-monetary relief,Yes,No,CR1912930,US-2015-160216
2022-10-31,No First Call Resolution,Mobile App,Closed with monetary relief,Yes,No,CR1891272,US-2015-154707
2022-07-28,Long wait on hold,Branch,Closed with explanation,Yes,No,CR1343295,US-2015-160121
2021-06-12,New Product or Feature Request,Email,Closed with explanation,Yes,No,CR1448631,US-2015-153087
2023-05-18,Long wait on hold,Email,In progress,Yes,,CR2395319,US-2015-153738
2023-05-22,New Product or Feature Request,Branch,Closed with explanation,Yes,No,CR0517670,US-2015-158185
2023-08-06,New Product or Feature Request,Mobile App,Closed with explanation,Yes,No,CR2078889,US-2015-156232
2019-02-06,No First Call Resolution,Branch,Closed with explanation,Yes,No,CR1412354,US-2015-155028
2022-05-03,New Product or Feature Request,Phone Support,In progress,Yes,,CR2406895,US-2015-155188
2021-09-21,Uninterested Service Rep,Email,Closed with non-monetary relief,Yes,No,CR0206371,US-2015-152213
2020-06-14,No First Call Resolution,Mobile App,Closed with explanation,Yes,,CR2310424,US-2015-150948
2022-01-06,Unavailable or Out of Stock Product,Branch,Closed with explanation,Yes,No,CR1979353,US-2015-151880
2023-05-09,Lack of Follow Up,Branch,Closed with explanation,Yes,No,CR0824833,US-2015-155160
2019-08-10,Lack of Follow Up,Email,Closed with explanation,Yes,No,CR1720348,US-2015-152112
2021-05-02,New Product or Feature Request,Email,Closed with explanation,Yes,No,CR2220251,US-2015-155123
2021-03-28,No First Call Resolution,Mobile App,Closed with explanation,Yes,No,CR1608784,US-2015-157126
2020-10-30,Making Customers Repeat Their Problem,Mobile App,Closed with non-monetary relief,Yes,No,CR1797317,US-2015-153205
2019-12-10,Poor Product or Service,Phone Support,Closed with explanation,Yes,Yes,CR1051007,US-2015-151545