date_received,issue category,channel,company_response,timely_response,consumer_disputed,complaint_id,order_id
"Thursday, 13 October 2022",Uninterested Service Rep,Phone Support,Closed without relief,Yes,No,CR0003732,US-2015-159416
"Friday, 4 November 2022",Long wait on hold,Email,Closed with explanation,Yes,No,CR1988571,US-2015-157867
"Thursday, 28 May 2020",Lack of Follow Up,Branch,Closed with monetary relief,Yes,No,CR2221342,US-2015-153289
"Tuesday, 26 January 2021",Lack of Follow Up,Branch,Closed without relief,Yes,No,CR0013328,US-2015-153142
"Thursday, 20 May 2021",Long wait on hold,Email,Closed with explanation,Yes,No,CR2090579,US-2015-155966
"Tuesday, 23 November 2021",Poor Product or Service,Mobile App,Closed with explanation,Yes,Yes,CR1470490,US-2015-151637
"Sunday, 19 July 2020",Lack of Follow Up,Branch,Closed with explanation,Yes,No,CR1899878,US-2015-156183
"Saturday, 30 July 2022",Uninterested Service Rep,Phone Support,Closed with explanation,Yes,No,CR1932270,US-2015-159992
"Saturday, 19 June 2021",Lack of Follow Up,Phone Support,Closed with explanation,Yes,Yes,CR0214774,US-2015-157885
"Monday, 21 January 2019",Unavailable or Out of Stock Product,Phone Support,Closed with explanation,Yes,No,CR2135116,US-2015-154175
"Friday, 27 November 2020",No First Call Resolution,Branch,Closed with explanation,Yes,Yes,CR0373513,US-2015-156155
"Monday, 6 April 2020",Making Customers Repeat Their Problem,Phone Support,Closed with monetary relief,Yes,No,CR1708290,US-2015-155159
"Friday, 6 March 2020",Making Customers Repeat Their Problem,Email,Closed with explanation,Yes,No,CR1538323,US-2015-159383
"Tuesday, 12 January 2021",No First Call Resolution,Phone Support,Closed with explanation,Yes,Yes,CR1433236,US-2015-156280
"Saturday, 1 May 2021",Uninterested Service Rep,Phone Support,Closed with monetary relief,Yes,No,CR0853368,US-2015-155473
"Wednesday, 5 February 2020",Uninterested Service Rep,Mobile App,Closed with explanation,Yes,No,CR1804301,US-2015-156443
"Friday, 24 March 2023",No First Call Resolution,Phone Support,Closed with explanation,Yes,No,CR1351216,US-2015-159699
"Saturday, 11 September 2021",Unavailable or Out of Stock Product,Email,Closed with explanation,Yes,,CR2319809,US-2015-153033
"Tuesday, 4 January 2022",Uninterested Service Rep,Mobile App,Closed without relief,Yes,Yes,CR0013527,US-2015-160240
"Tuesday, 6 September 2022",Unavailable or Out of Stock Product,Mobile App,Closed with explanation,Yes,No,CR1722662,US-2015-153397
"Tuesday, 17 September 2019",No First Call Resolution,Email,Closed with explanation,Yes,No,CR0547876,US-2015-151739
"Tuesday, 4 May 2021",Unavailable or Out of Stock Product,Email,Closed with explanation,Yes,No,CR1615332,US-2015-150755
"Wednesday, 27 November 2019",New Product or Feature Request,Branch,Closed with explanation,Yes,No,CR1062228,US-2015-151523
"Wednesday, 24 November 2021",Poor Product or Service,Branch,Closed without relief,Yes,No,CR0043811,US-2015-155403
"Monday, 8 May 2023",No First Call Resolution,Branch,Closed with relief,Yes,No,CR0030939,US-2015-153065
"Sunday, 18 February 2018",Lack of Follow Up,Email,Closed with relief,Yes,No,CR0030070,US-2015-154917
"Tuesday, 2 February 2021",Poor Product or Service,Mobile App,Closed with explanation,Yes,Yes,CR1936930,US-2015-151306
"Wednesday, 3 August 2022",Making Customers Repeat Their Problem,Email,Closed with explanation,Yes,No,CR1435238,US-2015-155847
"Monday, 9 March 2020",Uninterested Service Rep,Phone Support,Closed with explanation,Yes,No,CR1537464,US-2015-151349
"Saturday, 25 August 2018",Lack of Follow Up,Mobile App,Closed with explanation,Yes,No,CR1627236,US-2015-157273
"Wednesday, 9 February 2022",Lack of Follow Up,Mobile App,Closed with explanation,Yes,No,CR1723447,US-2015-159093
"Wednesday, 4 August 2021",New Product or Feature Request,Branch,Closed with relief,Yes,No,CR0034610,US-2015-150684
"Monday, 21 November 2022",Unavailable or Out of Stock Product,Branch,Closed with explanation,Yes,No,CR1470323,US-2015-159032
"Tuesday, 19 November 2019",Making Customers Repeat Their Problem,Branch,Closed with explanation,Yes,Yes,CR1990253,US-2015-151874
"Thursday, 10 May 2018",No First Call Resolution,Phone Support,Closed with explanation,Yes,,CR2319723,US-2015-157720
"Thursday, 21 January 2021",New Product or Feature Request,Email,Closed with explanation,Yes,No,CR1809005,US-2015-154030
"Sunday, 20 November 2022",No First Call Resolution,Mobile App,Closed with explanation,Yes,No,CR1900945,US-2015-160318
"Thursday, 31 May 2018",Making Customers Repeat Their Problem,Mobile App,Closed with monetary relief,Yes,No,CR2136255,US-2015-153976
"Saturday, 29 September 2018",Poor Product or Service,Email,Closed with explanation,Yes,No,CR2089964,US-2015-155241
"Friday, 10 February 2023",Unavailable or Out of Stock Product,Email,Closed with non-monetary relief,Yes,Yes,CR0394315,US-2015-159627
"Friday, 13 May 2022",Poor Product or Service,Branch,Closed with explanation,Yes,No,CR1713275,US-2015-157083
"Saturday, 13 March 2021",Long wait on hold,Email,Closed with non-monetary relief,Yes,No,CR1080256,US-2015-159436
"Saturday, 2 June 2018",Unavailable or Out of Stock Product,Mobile App,Closed with monetary relief,Yes,No,CR0855237,US-2015-152223
"Sunday, 27 September 2020",Unavailable or Out of Stock Product,Mobile App,Closed with explanation,No,,CR0220184,US-2015-158155
"Saturday, 13 May 2023",Unavailable or Out of Stock Product,Phone Support,Closed with explanation,Yes,No,CR0559272,US-2015-150966
"Friday, 29 January 2021",Making Customers Repeat Their Problem,Phone Support,Closed with explanation,Yes,No,CR2223424,US-2015-154670
"Friday, 10 February 2023",No First Call Resolution,Mobile App,Closed with explanation,Yes,No,CR1350626,US-2015-158728
"Monday, 22 March 2021",New Product or Feature Request,Mobile App,Closed with relief,Yes,No,CR0035411,US-2015-154644
"Friday, 12 July 2019",Unavailable or Out of Stock Product,Phone Support,Closed with relief,Yes,No,CR0057298,US-2015-155202
"Monday, 10 October 2022",Long wait on hold,Branch,Closed with monetary relief,Yes,No,CR0222601,US-2015-158880
"Wednesday, 3 July 2019",Long wait on hold,Branch,Closed with explanation,Yes,Yes,CR0221502,US-2015-156217
"Saturday, 21 August 2021",No First Call Resolution,Email,Closed with explanation,Yes,No,CR0922485,US-2015-159009
"Thursday, 26 August 2021",Making Customers Repeat Their Problem,Phone Support,Closed with explanation,Yes,Yes,CR1101885,US-2015-154815
"Monday, 30 May 2022",Uninterested Service Rep,Mobile App,Closed with explanation,Yes,No,CR1109288,US-2015-155337
"Friday, 22 May 2020",Unavailable or Out of Stock Product,Phone Support,Closed,Yes,No,CR1547100,US-2015-156362
"Sunday, 11 July 2021",Lack of Follow Up,Mobile App,Closed with non-monetary relief,Yes,Yes,CR1452819,US-2015-157606
"Tuesday, 6 July 2021",Uninterested Service Rep,Email,Closed with explanation,Yes,No,CR1994567,US-2015-153921
"Saturday, 26 November 2022",Poor Product or Service,Email,Closed with explanation,Yes,Yes,CR1507211,US-2015-156300
"Thursday, 18 August 2022",Long wait on hold,Email,Closed with non-monetary relief,Yes,No,CR1757625,US-2015-157459
"Monday, 25 June 2018",New Product or Feature Request,Branch,Closed with explanation,Yes,No,CR0285804,US-2015-160358
"Saturday, 29 January 2022",Unavailable or Out of Stock Product,Email,Closed with explanation,Yes,No,CR2181276,US-2015-158140
"Wednesday, 6 May 2020",No First Call Resolution,Phone Support,Closed with explanation,Yes,No,CR2111298,US-2015-153650
"Thursday, 16 June 2022",Making Customers Repeat Their Problem,Email,Closed with explanation,Yes,No,CR1569460,US-2015-155086
"Saturday, 27 October 2018",Lack of Follow Up,Mobile App,Closed with explanation,Yes,Yes,CR0440370,US-2015-160306
"Sunday, 25 September 2022",Poor Product or Service,Branch,Closed with explanation,Yes,No,CR2089516,US-2015-158665
"Tuesday, 6 February 2018",Poor Product or Service,Email,Closed with explanation,Yes,Yes,CR1789593,US-2015-156462
"Wednesday, 4 November 2020",Long wait on hold,Branch,Closed with explanation,Yes,No,CR1275516,US-2015-155812
"Wednesday, 26 October 2022",Lack of Follow Up,Email,Closed with explanation,Yes,No,CR1856319,US-2015-152336
"Tuesday, 17 May 2022",Making Customers Repeat Their Problem,Mobile App,Closed with non-monetary relief,Yes,Yes,CR0702038,US-2015-152990
"Thursday, 27 May 2021",No First Call Resolution,Branch,Closed with explanation,Yes,No,CR1496351,US-2015-157391
"Friday, 8 November 2019",No First Call Resolution,Branch,Closed with explanation,Yes,No,CR0951400,US-2015-157218
"Sunday, 26 April 2020",No First Call Resolution,Mobile App,Closed with explanation,Yes,No,CR0130587,US-2015-152688
"Friday, 13 July 2018",Uninterested Service Rep,Branch,Closed with explanation,Yes,No,CR1937602,US-2015-157007
"Wednesday, 3 April 2019",New Product or Feature Request,Phone Support,Closed with explanation,Yes,No,CR2258943,US-2015-153313
"Tuesday, 4 June 2019",Lack of Follow Up,Branch,Closed with monetary relief,Yes,No,CR2042383,US-2015-150781
"Saturday, 3 December 2022",Poor Product or Service,Mobile App,Closed with explanation,Yes,Yes,CR1397536,US-2015-160619
"Monday, 29 June 2020",Poor Product or Service,Email,Closed with explanation,Yes,,CR2384632,US-2015-151458
"Monday, 29 May 2023",No First Call Resolution,Phone Support,Closed with non-monetary relief,Yes,No,CR1653725,US-2015-153180
"Wednesday, 8 January 2020",Long wait on hold,Branch,Closed with monetary relief,Yes,No,CR2230679,US-2015-152918
"Monday, 5 March 2018",Unavailable or Out of Stock Product,Email,Closed with monetary relief,Yes,No,CR1813349,US-2015-160516
"Monday, 14 January 2019",New Product or Feature Request,Phone Support,Closed with explanation,Yes,No,CR1952426,US-2015-157595
"Wednesday, 26 October 2022",Lack of Follow Up,Phone Support,Closed with explanation,Yes,No,CR0942501,US-2015-157962
"Wednesday, 29 May 2019",New Product or Feature Request,Email,Closed with explanation,Yes,Yes,CR1185692,US-2015-155672
"Thursday, 2 April 2020",Long wait on hold,Branch,Closed with explanation,Yes,Yes,CR0258067,US-2015-158533
"Sunday, 21 July 2019",Lack of Follow Up,Branch,Closed with explanation,Yes,No,CR2075840,US-2015-152688
"Wednesday, 28 October 2020",Uninterested Service Rep,Branch,Closed with explanation,Yes,No,CR1485802,US-2015-153985
"Friday, 1 June 2018",Making Customers Repeat Their Problem,Phone Support,Closed with non-monetary relief,Yes,No,CR1751734,US-2015-153087
"Thursday, 12 November 2020",Unavailable or Out of Stock Product,Branch,Closed with explanation,Yes,No,CR1639357,US-2015-159160
"Friday, 17 July 2020",No First Call Resolution,Phone Support,Closed with explanation,Yes,No,CR1484289,US-2015-155552
"Tuesday, 13 July 2021",Poor Product or Service,Mobile App,Closed with explanation,Yes,Yes,CR0108967,US-2015-157765
"Saturday, 24 July 2021",Uninterested Service Rep,Branch,Closed with monetary relief,Yes,No,CR2110710,US-2015-157254
"Friday, 8 March 2019",Long wait on hold,Email,Closed with monetary relief,Yes,No,CR1919645,US-2015-153077
"Tuesday, 11 September 2018",No First Call Resolution,Mobile App,Closed with explanation,Yes,No,CR1565363,US-2015-151665
"Wednesday, 26 April 2023",New Product or Feature Request,Email,Closed with explanation,Yes,No,CR1849018,US-2015-157259
"Friday, 1 July 2022",New Product or Feature Request,Phone Support,Closed with explanation,Yes,Yes,CR0434587,US-2015-155528
"Monday, 21 June 2021",No First Call Resolution,Mobile App,Closed with explanation,Yes,No,CR1386876,US-2015-160409
"Monday, 9 September 2019",Unavailable or Out of Stock Product,Phone Support,Closed with explanation,Yes,No,CR0682046,US-2015-153571
"Sunday, 16 December 2018",Unavailable or Out of Stock Product,Mobile App,Closed with explanation,Yes,No,CR1773179,US-2015-151750
"Monday, 25 May 2020",New Product or Feature Request,Phone Support,Closed with monetary relief,Yes,No,CR2032442,US-2015-154240
"Tuesday, 11 February 2020",No First Call Resolution,Phone Support,Closed with explanation,Yes,No,CR2173059,US-2015-160483
"Monday, 19 April 2021",New Product or Feature Request,Phone Support,Closed with explanation,Yes,No,CR2249569,US-2015-156019
"Tuesday, 23 March 2021",Unavailable or Out of Stock Product,Email,In progress,Yes,,CR2378467,US-2015-159832
"Tuesday, 23 November 2021",Lack of Follow Up,Branch,Closed with explanation,Yes,Yes,CR0705878,US-2015-152933
"Friday, 10 June 2022",Long wait on hold,Mobile App,Closed with explanation,Yes,No,CR1940052,US-2015-158180
"Saturday, 15 April 2023",Poor Product or Service,Branch,Closed with explanation,Yes,No,CR0132727,US-2015-152537
"Wednesday, 22 May 2019",New Product or Feature Request,Phone Support,Closed with explanation,Yes,Yes,CR1791074,US-2015-160261
"Tuesday, 17 May 2022",Long wait on hold,Mobile App,Closed with monetary relief,Yes,Yes,CR0447457,US-2015-156241
"Sunday, 14 May 2023",Lack of Follow Up,Branch,Closed with explanation,Yes,No,CR2042159,US-2015-159795
"Friday, 3 March 2023",Making Customers Repeat Their Problem,Branch,Closed with explanation,Yes,No,CR2125933,US-2015-155524
"Thursday, 15 October 2020",Uninterested Service Rep,Email,Closed with monetary relief,Yes,No,CR2179090,US-2015-157002
"Thursday, 13 June 2019",Unavailable or Out of Stock Product,Mobile App,Closed with explanation,Yes,No,CR1403361,US-2015-150922
"Wednesday, 25 March 2020",New Product or Feature Request,Email,Closed with monetary relief,Yes,No,CR1282520,US-2015-156552
"Friday, 13 July 2018",No First Call Resolution,Mobile App,Closed with explanation,Yes,No,CR0294434,US-2015-155742
"Friday, 25 March 2022",Poor Product or Service,Mobile App,Closed with explanation,Yes,No,CR1759470,US-2015-151251
"Friday, 3 July 2020",New Product or Feature Request,Branch,Closed with explanation,Yes,No,CR1527767,US-2015-151509
"Monday, 3 October 2022",Poor Product or Service,Mobile App,Closed with non-monetary relief,Yes,No,CR1658837,US-2015-152581
"Thursday, 27 April 2023",Unavailable or Out of Stock Product,Phone Support,Closed with explanation,Yes,Yes,CR1571098,US-2015-158066
"Wednesday, 6 November 2019",No First Call Resolution,Email,Closed with explanation,Yes,No,CR0981611,US-2015-151065
"Monday, 4 March 2019",Lack of Follow Up,Branch,Closed with explanation,Yes,,CR2387263,US-2015-159503
"Sunday, 2 December 2018",New Product or Feature Request,Email,Closed with monetary relief,Yes,No,CR1497460,US-2015-160214
"Monday, 22 November 2021",Long wait on hold,Email,Closed with non-monetary relief,Yes,No,CR2114448,US-2015-156588
"Tuesday, 27 March 2018",Unavailable or Out of Stock Product,Branch,Closed with explanation,Yes,No,CR1860467,US-2015-157312
"Thursday, 10 May 2018",Poor Product or Service,Mobile App,Closed with explanation,Yes,No,CR2261646,US-2015-159342
"Friday, 14 December 2018",Lack of Follow Up,Email,Closed with monetary relief,Yes,No,CR2190357,US-2015-159725
"Friday, 7 October 2022",New Product or Feature Request,Branch,Closed with monetary relief,Yes,No,CR2192368,US-2015-152225
"Friday, 11 October 2019",Lack of Follow Up,Phone Support,Closed with explanation,Yes,Yes,CR0480573,US-2015-151611
"Tuesday, 19 March 2019",Long wait on hold,Mobile App,Closed with explanation,Yes,Yes,CR1497477,US-2015-155432
"Monday, 10 September 2018",Unavailable or Out of Stock Product,Email,Closed with explanation,Yes,No,CR1940659,US-2015-153400
"Thursday, 7 October 2021",Unavailable or Out of Stock Product,Branch,Closed with explanation,Yes,No,CR1761571,US-2015-155178
"Monday, 17 August 2020",No First Call Resolution,Branch,Closed with explanation,Yes,No,CR2182212,US-2015-154418
"Tuesday, 10 August 2021",Unavailable or Out of Stock Product,Email,Closed with explanation,Yes,No,CR0310506,US-2015-157630
"Wednesday, 18 January 2023",Poor Product or Service,Branch,Closed with non-monetary relief,Yes,Yes,CR1863672,US-2015-160125
"Tuesday, 3 April 2018",Making Customers Repeat Their Problem,Mobile App,Closed with explanation,Yes,Yes,CR1301819,US-2015-157326
"Sunday, 17 March 2019",Making Customers Repeat Their Problem,Branch,Closed with explanation,Yes,Yes,CR1531152,US-2015-153243
"Monday, 31 October 2022",Lack of Follow Up,Mobile App,Closed with explanation,Yes,No,CR0707883,US-2015-153300
"Wednesday, 15 February 2023",Uninterested Service Rep,Phone Support,Closed with monetary relief,Yes,Yes,CR1415128,US-2015-158896
"Monday, 9 July 2018",New Product or Feature Request,Mobile App,Closed with explanation,Yes,Yes,CR2267015,US-2015-153786
"Wednesday, 25 December 2019",Making Customers Repeat Their Problem,Phone Support,Closed with monetary relief,Yes,No,CR0988096,US-2015-151656
"Sunday, 12 January 2020",New Product or Feature Request,Mobile App,Closed with explanation,Yes,No,CR1809285,US-2015-153116
"Thursday, 26 January 2023",Poor Product or Service,Mobile App,Closed with explanation,Yes,No,CR1572142,US-2015-154509
"Tuesday, 21 January 2020",Poor Product or Service,Phone Support,Closed with explanation,Yes,No,CR2119922,US-2015-159142
"Monday, 26 November 2018",Lack of Follow Up,Email,Closed with monetary relief,Yes,Yes,CR0138235,US-2015-151770
"Wednesday, 14 July 2021",Making Customers Repeat Their Problem,Mobile App,Closed with explanation,Yes,No,CR1660335,US-2015-159274
"Wednesday, 17 April 2019",Lack of Follow Up,Phone Support,Closed with explanation,Yes,Yes,CR2128698,US-2015-155630
"Tuesday, 18 January 2022",Unavailable or Out of Stock Product,Mobile App,Closed with monetary relief,Yes,,CR2388201,US-2015-155983
"Tuesday, 21 April 2020",Lack of Follow Up,Phone Support,Closed with explanation,Yes,Yes,CR2047441,US-2015-154083
"Saturday, 14 September 2019",Poor Product or Service,Branch,Closed with explanation,Yes,Yes,CR1725606,US-2015-151907
"Thursday, 12 December 2019",No First Call Resolution,Branch,Closed with non-monetary relief,Yes,No,CR1725353,US-2015-156852
"Tuesday, 1 August 2023",Uninterested Service Rep,Branch,Closed with explanation,Yes,No,CR1725940,US-2015-157506
"Saturday, 21 January 2023",Lack of Follow Up,Mobile App,Closed with explanation,Yes,No,CR1816814,US-2015-155448
"Saturday, 20 January 2018",Long wait on hold,Phone Support,Closed with explanation,Yes,No,CR1818167,US-2015-154306
"Friday, 16 September 2022",Making Customers Repeat Their Problem,Branch,Closed with explanation,Yes,No,CR1141314,US-2015-154995
"Thursday, 13 December 2018",Making Customers Repeat Their Problem,Phone Support,Closed with monetary relief,Yes,No,CR0223678,US-2015-160378
"Thursday, 2 May 2019",New Product or Feature Request,Phone Support,Closed with explanation,Yes,Yes,CR0561186,US-2015-154880
"Sunday, 2 May 2021",Unavailable or Out of Stock Product,Email,Closed with non-monetary relief,Yes,No,CR2226204,US-2015-159617
"Thursday, 1 July 2021",Long wait on hold,Email,Closed with monetary relief,Yes,No,CR1550372,US-2015-157093
"Sunday, 23 January 2022",No First Call Resolution,Phone Support,Closed with explanation,Yes,No,CR1451644,US-2015-159643
"Wednesday, 8 August 2018",Lack of Follow Up,Email,In progress,Yes,,CR2344048,US-2015-158643
"Saturday, 5 October 2019",Lack of Follow Up,Branch,Closed with relief,Yes,Yes,CR0027693,US-2015-158852
"Tuesday, 1 March 2022",New Product or Feature Request,Email,Closed with explanation,Yes,Yes,CR2100334,US-2015-158228
"Tuesday, 27 April 2021",Lack of Follow Up,Phone Support,Closed with explanation,Yes,Yes,CR0404310,US-2015-151078
"Saturday, 10 August 2019",Long wait on hold,Email,Closed with explanation,Yes,No,CR1831653,US-2015-152434
"Thursday, 2 February 2023",Lack of Follow Up,Branch,Closed with explanation,Yes,Yes,CR0858349,US-2015-158766
"Sunday, 30 June 2019",Making Customers Repeat Their Problem,Email,Closed with explanation,Yes,No,CR2001165,US-2015-158622
"Saturday, 17 April 2021",Uninterested Service Rep,Phone Support,Closed with explanation,Yes,No,CR1741538,US-2015-153360
"Friday, 16 July 2021",Making Customers Repeat Their Problem,Mobile App,Closed with explanation,Yes,Yes,CR1938865,US-2015-155518
"Sunday, 8 April 2018",Uninterested Service Rep,Mobile App,Closed with explanation,Yes,No,CR1352279,US-2015-151567
"Wednesday, 11 January 2023",Long wait on hold,Email,Closed with explanation,Yes,No,CR1471978,US-2015-159863
"Thursday, 2 May 2019",Lack of Follow Up,Email,Closed with explanation,Yes,No,CR1907400,US-2015-157320
"Monday, 10 October 2022",New Product or Feature Request,Email,Closed with monetary relief,Yes,No,CR1629513,US-2015-151631
"Monday, 6 December 2021",No First Call Resolution,Mobile App,Closed with explanation,Yes,No,CR1729929,US-2015-160141
"Monday, 29 August 2022",Making Customers Repeat Their Problem,Mobile App,Closed with explanation,Yes,No,CR2149853,US-2015-155864
"Sunday, 26 September 2021",Making Customers Repeat Their Problem,Email,Closed with explanation,Yes,No,CR2047406,US-2015-156029
"Friday, 27 January 2023",Making Customers Repeat Their Problem,Branch,Closed with explanation,Yes,Yes,CR2146555,US-2015-155596
"Thursday, 29 November 2018",Uninterested Service Rep,Mobile App,Closed with explanation,Yes,No,CR2195804,US-2015-157117
"Tuesday, 18 June 2019",No First Call Resolution,Mobile App,Closed with monetary relief,Yes,No,CR0411108,US-2015-154444
"Sunday, 26 May 2019",Making Customers Repeat Their Problem,Branch,Closed with explanation,Yes,No,CR1910227,US-2015-156728
"Wednesday, 18 January 2023",Lack of Follow Up,Email,Closed with explanation,Yes,No,CR1941865,US-2015-154442
"Saturday, 16 May 2020",Uninterested Service Rep,Branch,Closed with monetary relief,Yes,Yes,CR1833581,US-2015-154827
"Sunday, 15 January 2023",Lack of Follow Up,Phone Support,Closed,Yes,No,CR1481909,US-2015-155076
"Sunday, 27 February 2022",Unavailable or Out of Stock Product,Email,Closed with explanation,Yes,No,CR2008113,US-2015-158450
"Monday, 31 October 2022",Lack of Follow Up,Branch,Closed with explanation,Yes,Yes,CR1355330,US-2015-155888
"Tuesday, 22 September 2020",Unavailable or Out of Stock Product,Email,Closed with explanation,Yes,No,CR1835930,US-2015-159749
"Sunday, 14 April 2019",Lack of Follow Up,Email,Closed with explanation,Yes,,CR2348744,US-2015-152389
"Thursday, 15 February 2018",Unavailable or Out of Stock Product,Email,Closed with explanation,Yes,,CR2344749,US-2015-151875
"Saturday, 17 December 2022",Lack of Follow Up,Mobile App,Closed with explanation,Yes,Yes,CR0869660,US-2015-155316
"Friday, 2 October 2020",Lack of Follow Up,Mobile App,Closed with monetary relief,Yes,No,CR1744554,US-2015-154259
"Wednesday, 21 February 2018",New Product or Feature Request,Mobile App,Closed,Yes,No,CR1475200,US-2015-152984
"Saturday, 2 April 2022",Making Customers Repeat Their Problem,Branch,Closed with explanation,Yes,No,CR1142808,US-2015-156429
"Sunday, 30 January 2022",Uninterested Service Rep,Phone Support,Closed with monetary relief,Yes,No,CR2228854,US-2015-160211
"Tuesday, 26 March 2019",Uninterested Service Rep,Branch,Closed with monetary relief,Yes,No,CR1360875,US-2015-158656
"Tuesday, 8 December 2020",Lack of Follow Up,Mobile App,Closed with non-monetary relief,Yes,No,CR1550513,US-2015-153191
"Thursday, 23 September 2021",Uninterested Service Rep,Branch,Closed with explanation,Yes,Yes,CR2151317,US-2015-157548
"Tuesday, 26 May 2020",Uninterested Service Rep,Email,Closed with explanation,Yes,No,CR1148113,US-2015-157339
"Tuesday, 30 April 2019",No First Call Resolution,Branch,Closed with explanation,Yes,No,CR2004264,US-2015-157903
"Friday, 17 September 2021",Poor Product or Service,Mobile App,Closed with monetary relief,Yes,No,CR1734737,US-2015-159595
"Friday, 29 May 2020",Lack of Follow Up,Email,Closed with monetary relief,Yes,No,CR2230146,US-2015-158182
"Thursday, 9 April 2020",Lack of Follow Up,Mobile App,Closed with explanation,Yes,No,CR1942158,US-2015-158226
"Friday, 24 December 2021",New Product or Feature Request,Mobile App,Closed with explanation,Yes,No,CR1631397,US-2015-158289
"Tuesday, 17 August 2021",Lack of Follow Up,Mobile App,Closed with monetary relief,Yes,No,CR1741597,US-2015-159174
"Saturday, 6 March 2021",New Product or Feature Request,Phone Support,Closed with explanation,Yes,Yes,CR0574864,US-2015-158712
"Saturday, 5 June 2021",Lack of Follow Up,Mobile App,Closed with non-monetary relief,Yes,No,CR1455862,US-2015-159862
"Wednesday, 11 August 2021",Long wait on hold,Mobile App,Closed with non-monetary relief,Yes,Yes,CR1550303,US-2015-152187
"Thursday, 27 December 2018",Lack of Follow Up,Branch,Closed with relief,Yes,Yes,CR0054494,US-2015-154843
"Thursday, 29 October 2020",Uninterested Service Rep,Email,Closed with explanation,Yes,No,CR1739982,US-2015-155811
"Friday, 30 September 2022",No First Call Resolution,Mobile App,Closed with explanation,Yes,No,CR1452043,US-2015-157526
"Sunday, 6 January 2019",Poor Product or Service,Branch,Closed with explanation,Yes,No,CR0865818,US-2015-154918
"Tuesday, 2 March 2021",Uninterested Service Rep,Mobile App,Closed with explanation,Yes,No,CR2102776,US-2015-160304
"Tuesday, 27 November 2018",Making Customers Repeat Their Problem,Mobile App,Closed with monetary relief,Yes,No,CR2104114,US-2015-158577
"Sunday, 26 May 2019",Poor Product or Service,Email,Closed with explanation,Yes,Yes,CR1910899,US-2015-153582
"Saturday, 11 June 2022",Long wait on hold,Mobile App,Closed with explanation,Yes,Yes,CR0229326,US-2015-155762
"Saturday, 22 May 2021",Lack of Follow Up,Email,Closed with explanation,Yes,No,CR1630423,US-2015-158156
"Wednesday, 21 March 2018",Uninterested Service Rep,Branch,Closed with monetary relief,Yes,No,CR0229354,US-2015-158196
"Saturday, 19 June 2021",Poor Product or Service,Mobile App,Closed with relief,Yes,No,CR0044568,US-2015-159626
"Thursday, 11 February 2021",Uninterested Service Rep,Mobile App,Closed with explanation,Yes,Yes,CR0567779,US-2015-152053
"Monday, 20 May 2019",Uninterested Service Rep,Branch,Closed with explanation,Yes,No,CR2149200,US-2015-151319
"Sunday, 4 December 2022",Making Customers Repeat Their Problem,Email,Closed with monetary relief,Yes,No,CR0404275,US-2015-159849
"Tuesday, 12 October 2021",Lack of Follow Up,Email,Closed with explanation,Yes,Yes,CR0418611,US-2015-154708
"Tuesday, 7 January 2020",Long wait on hold,Email,Closed with explanation,Yes,No,CR1377630,US-2015-160175
"Friday, 5 July 2019",Lack of Follow Up,Phone Support,Closed with explanation,Yes,No,CR2236702,US-2015-158172
"Sunday, 11 December 2022",Making Customers Repeat Their Problem,Mobile App,Closed with explanation,No,Yes,CR0091084,US-2015-158595
"Friday, 11 May 2018",Lack of Follow Up,Branch,Closed with explanation,Yes,No,CR2157111,US-2015-155081
"Saturday, 1 May 2021",Poor Product or Service,Mobile App,Closed with explanation,Yes,,CR1756498,US-2015-157915
"Tuesday, 10 November 2020",Poor Product or Service,Branch,Closed with explanation,Yes,No,CR0245763,US-2015-156349
"Friday, 13 July 2018",Unavailable or Out of Stock Product,Mobile App,Closed with explanation,Yes,No,CR1484197,US-2015-150978
"Sunday, 11 June 2023",Lack of Follow Up,Branch,Closed with explanation,Yes,No,CR2107839,US-2015-151113
"Sunday, 10 October 2021",New Product or Feature Request,Email,Closed with non-monetary relief,Yes,No,CR1554501,US-2015-156870
"Sunday, 16 December 2018",New Product or Feature Request,Phone Support,Closed with explanation,Yes,No,CR0887544,US-2015-153103
"Monday, 10 January 2022",Making Customers Repeat Their Problem,Branch,Closed with explanation,Yes,Yes,CR0603229,US-2015-150997
"Sunday, 1 July 2018",Long wait on hold,Mobile App,Closed with explanation,Yes,Yes,CR1165956,US-2015-151649
"Sunday, 3 July 2022",Poor Product or Service,Email,Closed with monetary relief,Yes,No,CR1750681,US-2015-156740
"Tuesday, 8 November 2022",Poor Product or Service,Branch,Closed with monetary relief,Yes,No,CR1459299,US-2015-152743
"Tuesday, 27 August 2019",Lack of Follow Up,Phone Support,Closed with explanation,Yes,,CR2349389,US-2015-155323
"Tuesday, 11 July 2023",Unavailable or Out of Stock Product,Mobile App,Closed with explanation,Yes,No,CR1834278,US-2015-153177
"Monday, 24 February 2020",Poor Product or Service,Email,Closed with explanation,Yes,No,CR2015196,US-2015-152990
"Thursday, 18 January 2018",Unavailable or Out of Stock Product,Email,Closed with explanation,Yes,Yes,CR1912592,US-2015-155553
"Wednesday, 19 January 2022",Lack of Follow Up,Phone Support,Closed with non-monetary relief,Yes,No,CR1630524,US-2015-154394
"Wednesday, 21 June 2023",Uninterested Service Rep,Email,Closed with explanation,Yes,No,CR2011177,US-2015-152694
"Saturday, 8 April 2023",Lack of Follow Up,Phone Support,Closed with non-monetary relief,Yes,No,CR1775172,US-2015-159079
"Tuesday, 29 September 2020",Lack of Follow Up,Phone Support,Closed with explanation,Yes,Yes,CR0121560,US-2015-151960
"Monday, 26 August 2019",Making Customers Repeat Their Problem,Phone Support,Closed with explanation,Yes,No,CR1494677,US-2015-158687
"Thursday, 13 July 2023",Poor Product or Service,Email,Closed with explanation,Yes,No,CR0277914,US-2015-152087
"Wednesday, 12 September 2018",Uninterested Service Rep,Email,Closed with monetary relief,Yes,No,CR2112926,US-2015-155025
"Monday, 10 April 2023",Poor Product or Service,Email,Closed with monetary relief,Yes,No,CR1193863,US-2015-155691
"Wednesday, 3 November 2021",Poor Product or Service,Email,Closed with monetary relief,Yes,No,CR2032168,US-2015-159604
"Sunday, 22 July 2018",Making Customers Repeat Their Problem,Mobile App,Closed with monetary relief,Yes,No,CR1752002,US-2015-153113
"Friday, 25 January 2019",Uninterested Service Rep,Branch,Closed with non-monetary relief,Yes,Yes,CR1645965,US-2015-153831
"Monday, 30 May 2022",Making Customers Repeat Their Problem,Mobile App,Closed with explanation,Yes,No,CR1565229,US-2015-153441
"Sunday, 11 February 2018",New Product or Feature Request,Mobile App,Closed with monetary relief,Yes,No,CR0437926,US-2015-160146
"Sunday, 6 March 2022",Unavailable or Out of Stock Product,Email,Closed with explanation,Yes,Yes,CR2081319,US-2015-153000
"Tuesday, 29 May 2018",Uninterested Service Rep,Email,Closed with explanation,Yes,No,CR1850371,US-2015-157540
"Thursday, 19 August 2021",No First Call Resolution,Phone Support,Closed with explanation,Yes,No,CR2258552,US-2015-159554
"Monday, 24 December 2018",Making Customers Repeat Their Problem,Phone Support,Closed with explanation,Yes,No,CR1919514,US-2015-160124
"Wednesday, 21 October 2020",Unavailable or Out of Stock Product,Email,In progress,Yes,,CR2379569,US-2015-152390
"Thursday, 15 August 2019",Uninterested Service Rep,Phone Support,Closed with explanation,Yes,No,CR1490998,US-2015-151543
"Sunday, 7 April 2019",Uninterested Service Rep,Branch,Closed with non-monetary relief,Yes,No,CR1389361,US-2015-154491
"Friday, 19 March 2021",Lack of Follow Up,Branch,Closed with explanation,Yes,Yes,CR2172002,US-2015-154400
"Friday, 9 September 2022",Making Customers Repeat Their Problem,Branch,Closed with monetary relief,Yes,No,CR0947307,US-2015-152334
"Sunday, 24 May 2020",Making Customers Repeat Their Problem,Branch,Closed with explanation,Yes,No,CR0688050,US-2015-158159
"Sunday, 4 October 2020",Unavailable or Out of Stock Product,Branch,Closed with explanation,Yes,No,CR2147799,US-2015-153046
"Tuesday, 1 January 2019",Long wait on hold,Email,Closed with explanation,Yes,No,CR1750285,US-2015-151083
"Saturday, 9 February 2019",No First Call Resolution,Mobile App,Closed with explanation,Yes,No,CR0230239,US-2015-152443
"Wednesday, 25 April 2018",New Product or Feature Request,Branch,Closed with explanation,Yes,Yes,CR1159924,US-2015-159141
"Monday, 1 July 2019",No First Call Resolution,Email,Closed with explanation,Yes,No,CR1943347,US-2015-153189
"Monday, 26 June 2023",Making Customers Repeat Their Problem,Mobile App,Closed with explanation,Yes,No,CR1550838,US-2015-156261
"Wednesday, 1 May 2019",Long wait on hold,Mobile App,Closed with non-monetary relief,Yes,No,CR2235451,US-2015-151631
"Thursday, 2 January 2020",New Product or Feature Request,Phone Support,Closed with explanation,Yes,,CR2350802,US-2015-158029
"Friday, 27 September 2019",New Product or Feature Request,Phone Support,Closed with explanation,Yes,Yes,CR2155262,US-2015-153249
"Sunday, 2 December 2018",No First Call Resolution,Mobile App,Closed with explanation,Yes,No,CR1630364,US-2015-158815
"Sunday, 4 February 2018",Long wait on hold,Phone Support,Closed with monetary relief,Yes,No,CR1371826,US-2015-153677
"Monday, 16 May 2022",No First Call Resolution,Phone Support,Closed with explanation,Yes,No,CR2104830,US-2015-157150
"Saturday, 25 January 2020",Poor Product or Service,Email,Closed with monetary relief,Yes,No,CR0418479,US-2015-159279
"Saturday, 25 July 2020",Unavailable or Out of Stock Product,Phone Support,Closed with explanation,Yes,Yes,CR1909608,US-2015-156849
"Friday, 13 August 2021",Poor Product or Service,Branch,Closed with explanation,Yes,No,CR0587861,US-2015-154383
"Thursday, 8 April 2021",Long wait on hold,Branch,Closed with explanation,Yes,No,CR1481105,US-2015-151369
"Saturday, 4 January 2020",Long wait on hold,Phone Support,Closed with explanation,Yes,Yes,CR1756563,US-2015-159175
"Thursday, 6 October 2022",Uninterested Service Rep,Phone Support,Closed with explanation,Yes,No,CR2009490,US-2015-151686
"Friday, 10 May 2019",Unavailable or Out of Stock Product,Email,Closed with explanation,Yes,No,CR1835332,US-2015-156903
"Tuesday, 18 July 2023",Uninterested Service Rep,Mobile App,Closed with monetary relief,No,Yes,CR0089542,US-2015-155105
"Tuesday, 20 October 2020",Long wait on hold,Mobile App,Closed with non-monetary relief,Yes,No,CR1455861,US-2015-155604
"Tuesday, 28 December 2021",Uninterested Service Rep,Phone Support,Closed with explanation,Yes,Yes,CR0871335,US-2015-160490
"Tuesday, 3 August 2021",Making Customers Repeat Their Problem,Mobile App,Closed with explanation,Yes,No,CR0949403,US-2015-155443
"Thursday, 21 March 2019",Poor Product or Service,Email,Closed with monetary relief,Yes,No,CR2035955,US-2015-154436
"Wednesday, 8 April 2020",New Product or Feature Request,Mobile App,Closed with monetary relief,Yes,No,CR1854125,US-2015-154449
"Sunday, 19 May 2019",Unavailable or Out of Stock Product,Mobile App,Closed with explanation,Yes,No,CR0440277,US-2015-155580
"Wednesday, 2 December 2020",Lack of Follow Up,Mobile App,Closed with explanation,Yes,No,CR1784697,US-2015-160521
"Sunday, 6 February 2022",Unavailable or Out of Stock Product,Branch,Closed with explanation,Yes,No,CR2083797,US-2015-154209
"Wednesday, 26 June 2019",No First Call Resolution,Phone Support,Closed with explanation,Yes,No,CR1249514,US-2015-154769
"Tuesday, 27 November 2018",Unavailable or Out of Stock Product,Branch,Closed with monetary relief,Yes,,CR2381178,US-2015-154479
"Tuesday, 15 November 2022",Uninterested Service Rep,Email,Closed with explanation,Yes,No,CR1648334,US-2015-151619
"Sunday, 18 June 2023",Making Customers Repeat Their Problem,Email,Closed with non-monetary relief,Yes,No,CR1498821,US-2015-155731
"Thursday, 11 April 2019",Unavailable or Out of Stock Product,Branch,Closed with explanation,Yes,No,CR0689939,US-2015-155767
"Saturday, 16 April 2022",Making Customers Repeat Their Problem,Mobile App,Closed with monetary relief,Yes,No,CR1495257,US-2015-152709
"Sunday, 2 May 2021",Making Customers Repeat Their Problem,Mobile App,Closed with explanation,Yes,No,CR1390944,US-2015-158718
"Friday, 27 August 2021",No First Call Resolution,Branch,Closed with monetary relief,Yes,No,CR2259376,US-2015-152973
"Wednesday, 17 March 2021",New Product or Feature Request,Email,Closed with explanation,Yes,Yes,CR0283220,US-2015-153746
"Monday, 17 October 2022",Uninterested Service Rep,Mobile App,Closed with explanation,Yes,No,CR2111636,US-2015-156480
"Wednesday, 11 July 2018",New Product or Feature Request,Phone Support,Closed with explanation,Yes,Yes,CR1567700,US-2015-155131
"Thursday, 17 May 2018",Unavailable or Out of Stock Product,Email,Closed with monetary relief,Yes,No,CR0130233,US-2015-157394
"Saturday, 4 September 2021",Unavailable or Out of Stock Product,Email,Closed with explanation,Yes,No,CR1930395,US-2015-156887
"Sunday, 9 April 2023",Uninterested Service Rep,Mobile App,Closed with explanation,Yes,No,CR2172937,US-2015-154791
"Monday, 3 February 2020",Unavailable or Out of Stock Product,Mobile App,Closed with explanation,Yes,No,CR1755925,US-2015-152690
"Thursday, 27 January 2022",No First Call Resolution,Phone Support,Closed with non-monetary relief,Yes,No,CR1496382,US-2015-150767
"Saturday, 14 April 2018",No First Call Resolution,Branch,Closed with explanation,Yes,No,CR1870285,US-2015-153647
"Friday, 30 October 2020",Uninterested Service Rep,Mobile App,Closed with explanation,Yes,No,CR2271991,US-2015-153252
"Friday, 31 March 2023",No First Call Resolution,Mobile App,Closed with explanation,Yes,Yes,CR1305593,US-2015-154772
"Tuesday, 15 December 2020",Poor Product or Service,Branch,Closed with explanation,Yes,No,CR1544229,US-2015-152636
"Thursday, 9 March 2023",Long wait on hold,Email,Closed with explanation,Yes,Yes,CR1415743,US-2015-160164
"Tuesday, 27 December 2022",Long wait on hold,Branch,Closed with explanation,Yes,Yes,CR0313086,US-2015-153532
"Thursday, 20 February 2020",Long wait on hold,Branch,Closed with monetary relief,Yes,No,CR0138644,US-2015-158754
"Thursday, 16 July 2020",Unavailable or Out of Stock Product,Phone Support,Closed with monetary relief,Yes,No,CR2132541,US-2015-151097
"Friday, 2 June 2023",New Product or Feature Request,Email,Closed with explanation,Yes,No,CR1941376,US-2015-159225
"Monday, 15 June 2020",No First Call Resolution,Mobile App,Closed with explanation,Yes,,CR2394945,US-2015-151517
"Monday, 15 November 2021",Poor Product or Service,Email,Closed with explanation,Yes,Yes,CR1577468,US-2015-151119
"Thursday, 19 August 2021",Making Customers Repeat Their Problem,Mobile App,Closed with explanation,Yes,No,CR1660050,US-2015-159361
"Saturday, 18 December 2021",No First Call Resolution,Email,Closed with explanation,Yes,No,CR1766940,US-2015-158986
"Thursday, 19 March 2020",Unavailable or Out of Stock Product,Branch,Closed with explanation,Yes,No,CR2118524,US-2015-153065
"Thursday, 12 April 2018",New Product or Feature Request,Branch,Closed with non-monetary relief,Yes,No,CR2184797,US-2015-154925
"Thursday, 25 April 2019",Making Customers Repeat Their Problem,Phone Support,Closed with monetary relief,Yes,No,CR0479451,US-2015-160112
"Saturday, 29 January 2022",Unavailable or Out of Stock Product,Phone Support,Closed with explanation,Yes,Yes,CR0718616,US-2015-156645
"Thursday, 24 October 2019",Long wait on hold,Email,Closed with non-monetary relief,Yes,No,CR2047529,US-2015-154480
"Friday, 10 May 2019",New Product or Feature Request,Mobile App,Closed with explanation,Yes,No,CR0991303,US-2015-151587
"Saturday, 18 August 2018",Lack of Follow Up,Mobile App,Closed with explanation,Yes,No,CR1822084,US-2015-159641
"Friday, 23 October 2020",New Product or Feature Request,Email,Closed with explanation,Yes,No,CR2150336,US-2015-155086
"Friday, 16 February 2018",New Product or Feature Request,Branch,Closed with monetary relief,Yes,No,CR2119879,US-2015-151989
"Tuesday, 7 December 2021",Poor Product or Service,Email,Closed with monetary relief,Yes,No,CR2061914,US-2015-158058
"Tuesday, 20 August 2019",Lack of Follow Up,Branch,Closed with explanation,Yes,Yes,CR1500202,US-2015-160523
"Sunday, 9 May 2021",Poor Product or Service,Branch,In progress,Yes,,CR2397904,US-2015-154387
"Tuesday, 2 July 2019",Long wait on hold,Phone Support,Closed with explanation,Yes,No,CR2208613,US-2015-159926
"Saturday, 5 September 2020",Uninterested Service Rep,Email,Closed with explanation,Yes,No,CR1873543,US-2015-156054
"Monday, 13 December 2021",No First Call Resolution,Mobile App,Closed with explanation,Yes,No,CR1680495,US-2015-151844
"Saturday, 10 November 2018",Poor Product or Service,Phone Support,Closed with explanation,Yes,No,CR1313087,US-2015-158031
"Thursday, 17 February 2022",No First Call Resolution,Phone Support,Closed with explanation,Yes,No,CR1418766,US-2015-150992
"Saturday, 19 December 2020",Long wait on hold,Phone Support,Closed with explanation,Yes,No,CR1580992,US-2015-158028
"Saturday, 7 May 2022",Lack of Follow Up,Branch,Closed with explanation,Yes,No,CR1340503,US-2015-156383
"Monday, 27 May 2019",Unavailable or Out of Stock Product,Mobile App,Closed with explanation,Yes,No,CR1772134,US-2015-158139
"Thursday, 7 February 2019",Poor Product or Service,Phone Support,Closed with explanation,Yes,No,CR2193859,US-2015-154752
"Monday, 11 June 2018",Making Customers Repeat Their Problem,Branch,Closed with explanation,No,No,CR0161683,US-2015-153848
"Saturday, 3 June 2023",Unavailable or Out of Stock Product,Phone Support,Closed with explanation,Yes,No,CR0322720,US-2015-152868
"Tuesday, 1 October 2019",Making Customers Repeat Their Problem,Phone Support,Closed,Yes,No,CR2277705,US-2015-152328
"Monday, 15 April 2019",New Product or Feature Request,Phone Support,Closed with monetary relief,Yes,No,CR1015058,US-2015-158274
"Saturday, 29 January 2022",Long wait on hold,Mobile App,Closed with monetary relief,Yes,No,CR1566591,US-2015-156095
"Tuesday, 28 February 2023",Uninterested Service Rep,Email,Closed with explanation,Yes,No,CR0487225,US-2015-160075
"Wednesday, 23 March 2022",Lack of Follow Up,Branch,Closed with explanation,Yes,No,CR1949659,US-2015-160581
"Friday, 14 September 2018",No First Call Resolution,Mobile App,Closed with monetary relief,Yes,No,CR0746087,US-2015-158441
"Saturday, 28 September 2019",Making Customers Repeat Their Problem,Mobile App,Closed with explanation,Yes,No,CR1863969,US-2015-158800
"Monday, 29 July 2019",Making Customers Repeat Their Problem,Branch,Closed with explanation,Yes,No,CR1819921,US-2015-154510
"Monday, 16 November 2020",Uninterested Service Rep,Phone Support,Closed with explanation,Yes,Yes,CR1820535,US-2015-156327
"Friday, 17 March 2023",Poor Product or Service,Email,Closed with explanation,Yes,No,CR1016584,US-2015-153588
"Tuesday, 18 July 2023",Unavailable or Out of Stock Product,Phone Support,Closed with explanation,Yes,No,CR2199697,US-2015-155274
"Saturday, 12 May 2018",No First Call Resolution,Mobile App,Closed with monetary relief,Yes,No,CR0327025,US-2015-158987
"Wednesday, 24 May 2023",No First Call Resolution,Phone Support,Closed with explanation,Yes,No,CR1869568,US-2015-157196
"Friday, 1 April 2022",Lack of Follow Up,Mobile App,Closed with explanation,Yes,No,CR2061433,US-2015-153566
"Saturday, 16 March 2019",New Product or Feature Request,Branch,Closed with explanation,Yes,No,CR2120430,US-2015-152095
"Wednesday, 30 September 2020",No First Call Resolution,Mobile App,Closed with explanation,Yes,No,CR1949866,US-2015-153960
"Friday, 2 August 2019",Uninterested Service Rep,Phone Support,Closed with explanation,Yes,No,CR1507355,US-2015-156847
"Thursday, 9 September 2021",New Product or Feature Request,Phone Support,Closed with explanation,Yes,Yes,CR1584140,US-2015-157523
"Monday, 2 November 2020",New Product or Feature Request,Mobile App,Closed with explanation,Yes,Yes,CR0490204,US-2015-154863
"Monday, 20 March 2023",Unavailable or Out of Stock Product,Mobile App,Closed with monetary relief,Yes,No,CR1693185,US-2015-152116
"Tuesday, 6 February 2018",Lack of Follow Up,Email,Closed with explanation,Yes,No,CR2280052,US-2015-158183
"Friday, 27 September 2019",Uninterested Service Rep,Mobile App,Closed with non-monetary relief,Yes,No,CR1777183,US-2015-153740
"Saturday, 9 October 2021",Unavailable or Out of Stock Product,Email,Closed with non-monetary relief,Yes,No,CR1573466,US-2015-157919
"Sunday, 2 February 2020",Uninterested Service Rep,Branch,Closed with explanation,Yes,No,CR1316790,US-2015-151390
"Monday, 15 October 2018",Long wait on hold,Mobile App,Closed with explanation,Yes,No,CR1419754,US-2015-152304
"Thursday, 14 November 2019",Lack of Follow Up,Email,Closed with explanation,Yes,No,CR0783255,US-2015-152508
"Monday, 23 November 2020",Making Customers Repeat Their Problem,Phone Support,Closed with monetary relief,Yes,No,CR2214250,US-2015-154123
"Tuesday, 5 February 2019",Uninterested Service Rep,Mobile App,Closed with explanation,Yes,No,CR1338985,US-2015-151707
"Monday, 14 March 2022",No First Call Resolution,Phone Support,Closed with explanation,Yes,No,CR0170715,US-2015-156369
"Monday, 1 February 2021",Poor Product or Service,Branch,Closed with explanation,Yes,No,CR1874408,US-2015-150875
"Wednesday, 17 March 2021",Long wait on hold,Phone Support,In progress,Yes,,CR2398557,US-2015-158496
"Sunday, 28 April 2019",Uninterested Service Rep,Mobile App,Closed with monetary relief,Yes,No,CR2239563,US-2015-158476
"Thursday, 22 August 2019",Poor Product or Service,Branch,Closed with explanation,Yes,Yes,CR1823106,US-2015-158847
"Sunday, 6 January 2019",Poor Product or Service,Branch,Closed with explanation,Yes,No,CR2109011,US-2015-153105
"Wednesday, 10 August 2022",Lack of Follow Up,Branch,Closed with explanation,Yes,No,CR0090075,US-2015-151025
"Friday, 20 August 2021",No First Call Resolution,Phone Support,Closed with explanation,Yes,No,CR1773807,US-2015-154047
"Thursday, 22 June 2023",Unavailable or Out of Stock Product,Branch,Closed with explanation,Yes,No,CR1167964,US-2015-159570
"Sunday, 3 March 2019",Poor Product or Service,Phone Support,Closed with explanation,Yes,Yes,CR0420867,US-2015-158196
"Sunday, 8 November 2020",Making Customers Repeat Their Problem,Mobile App,Closed with explanation,Yes,No,CR1555127,US-2015-154458
"Wednesday, 7 June 2023",Making Customers Repeat Their Problem,Mobile App,Closed with explanation,Yes,No,CR1916042,US-2015-150940
"Saturday, 4 January 2020",Unavailable or Out of Stock Product,Email,Closed with explanation,Yes,No,CR2029764,US-2015-153273
"Wednesday, 10 November 2021",Lack of Follow Up,Branch,Closed with monetary relief,Yes,No,CR0256410,US-2015-154477
"Saturday, 29 December 2018",Uninterested Service Rep,Email,Closed with explanation,Yes,No,CR2250123,US-2015-159787
"Friday, 13 November 2020",Making Customers Repeat Their Problem,Mobile App,Closed with monetary relief,Yes,No,CR1484298,US-2015-155773
"Saturday, 24 March 2018",Long wait on hold,Mobile App,Closed with explanation,Yes,No,CR0888321,US-2015-151438
"Tuesday, 26 October 2021",Uninterested Service Rep,Phone Support,Closed with explanation,Yes,No,CR0644531,US-2015-159268
"Wednesday, 15 May 2019",Long wait on hold,Mobile App,Closed with explanation,Yes,No,CR1839721,US-2015-153200
"Wednesday, 20 June 2018",Unavailable or Out of Stock Product,Phone Support,Closed with explanation,Yes,No,CR2036377,US-2015-160238
"Tuesday, 9 October 2018",Long wait on hold,Phone Support,Closed with explanation,Yes,Yes,CR1762648,US-2015-155605
"Thursday, 13 January 2022",No First Call Resolution,Branch,Closed with explanation,Yes,No,CR0659192,US-2015-156616
"Thursday, 6 April 2023",Poor Product or Service,Phone Support,Closed with explanation,Yes,No,CR1484603,US-2015-154015
"Monday, 15 January 2018",Uninterested Service Rep,Phone Support,Closed with explanation,Yes,No,CR1843712,US-2015-159028
"Saturday, 29 August 2020",Poor Product or Service,Email,Closed with monetary relief,Yes,,CR2362994,US-2015-152841
"Friday, 25 September 2020",Long wait on hold,Email,Closed with monetary relief,Yes,No,CR1633056,US-2015-156424
"Wednesday, 19 February 2020",Uninterested Service Rep,Mobile App,Closed with monetary relief,Yes,No,CR0428430,US-2015-156417
"Monday, 1 January 2018",Unavailable or Out of Stock Product,Phone Support,Closed with explanation,Yes,No,CR1640566,US-2015-154477
"Thursday, 13 August 2020",Lack of Follow Up,Mobile App,Closed with explanation,Yes,Yes,CR1752931,US-2015-155747
"Tuesday, 14 July 2020",Uninterested Service Rep,Phone Support,Closed with explanation,Yes,,CR2378054,US-2015-160259
"Friday, 16 September 2022",Making Customers Repeat Their Problem,Email,Closed with explanation,Yes,Yes,CR1182664,US-2015-160180
"Tuesday, 13 June 2023",Making Customers Repeat Their Problem,Phone Support,Closed with explanation,Yes,No,CR2017443,US-2015-159665
"Tuesday, 17 March 2020",Long wait on hold,Email,Closed with monetary relief,Yes,No,CR2159818,US-2015-158112
"Thursday, 25 January 2018",Making Customers Repeat Their Problem,Mobile App,Closed with explanation,Yes,No,CR2011299,US-2015-152670
"Monday, 1 May 2023",Uninterested Service Rep,Email,Closed with explanation,Yes,No,CR1750873,US-2015-157795
"Friday, 2 September 2022",Long wait on hold,Phone Support,Closed with explanation,Yes,Yes,CR1483597,US-2015-159268
"Tuesday, 14 March 2023",Lack of Follow Up,Mobile App,Closed with explanation,Yes,No,CR1384077,US-2015-160412
"Saturday, 31 July 2021",Unavailable or Out of Stock Product,Branch,Closed with explanation,Yes,No,CR0927871,US-2015-157274
"Wednesday, 18 April 2018",Unavailable or Out of Stock Product,Branch,Closed with explanation,Yes,Yes,CR1557863,US-2015-151047
"Tuesday, 6 August 2019",Making Customers Repeat Their Problem,Mobile App,Closed with explanation,Yes,Yes,CR2238023,US-2015-156123
"Saturday, 22 February 2020",Unavailable or Out of Stock Product,Mobile App,Closed with non-monetary relief,Yes,Yes,CR0097731,US-2015-158624
"Saturday, 9 January 2021",Making Customers Repeat Their Problem,Mobile App,Closed with explanation,Yes,Yes,CR2166955,US-2015-158117
"Monday, 29 April 2019",Lack of Follow Up,Email,Closed with explanation,Yes,No,CR2106553,US-2015-158327
"Saturday, 3 April 2021",Unavailable or Out of Stock Product,Mobile App,Closed with explanation,Yes,No,CR0257240,US-2015-155329
"Tuesday, 22 January 2019",No First Call Resolution,Phone Support,Closed with explanation,Yes,No,CR1387408,US-2015-152288
"Thursday, 24 May 2018",Uninterested Service Rep,Phone Support,Closed with explanation,Yes,No,CR1467137,US-2015-156450
"Sunday, 18 October 2020",Uninterested Service Rep,Branch,Closed with monetary relief,Yes,No,CR1919975,US-2015-155235
"Saturday, 18 June 2022",Making Customers Repeat Their Problem,Mobile App,Closed with monetary relief,Yes,No,CR0739756,US-2015-151138
"Saturday, 30 June 2018",Poor Product or Service,Phone Support,Closed with explanation,Yes,No,CR1580111,US-2015-158326
"Friday, 21 February 2020",No First Call Resolution,Branch,Closed with monetary relief,Yes,No,CR1007303,US-2015-155484
"Tuesday, 1 January 2019",No First Call Resolution,Phone Support,Closed with explanation,Yes,No,CR2055729,US-2015-158843
"Thursday, 22 December 2022",Uninterested Service Rep,Email,Closed with explanation,Yes,Yes,CR0146975,US-2015-151138
"Friday, 5 March 2021",Poor Product or Service,Email,Closed with explanation,Yes,No,CR2118493,US-2015-152237
"Sunday, 18 September 2022",Long wait on hold,Phone Support,Closed with non-monetary relief,Yes,No,CR2184843,US-2015-158330
"Friday, 3 September 2021",Unavailable or Out of Stock Product,Mobile App,Closed with explanation,Yes,No,CR1769933,US-2015-152124
"Friday, 23 April 2021",New Product or Feature Request,Phone Support,Closed with explanation,Yes,No,CR1941546,US-2015-158772
"Tuesday, 2 October 2018",Lack of Follow Up,Branch,Closed with explanation,Yes,No,CR0480773,US-2015-156668
"Tuesday, 7 July 2020",Lack of Follow Up,Branch,Closed with explanation,Yes,Yes,CR1675811,US-2015-151352
"Saturday, 15 July 2023",Unavailable or Out of Stock Product,Phone Support,Closed with explanation,Yes,No,CR1845683,US-2015-157836
"Tuesday, 7 August 2018",Unavailable or Out of Stock Product,Branch,Closed with explanation,Yes,No,CR2189595,US-2015-159291
"Sunday, 1 September 2019",No First Call Resolution,Branch,Closed with explanation,Yes,No,CR1313382,US-2015-153390
"Sunday, 28 October 2018",Poor Product or Service,Branch,Closed with explanation,Yes,No,CR2275295,US-2015-157624
"Saturday, 9 March 2019",No First Call Resolution,Phone Support,Closed with non-monetary relief,Yes,No,CR1334090,US-2015-158137
"Wednesday, 15 December 2021",Making Customers Repeat Their Problem,Branch,In progress,Yes,,CR2397006,US-2015-159699
"Friday, 10 January 2020",Lack of Follow Up,Mobile App,Closed with explanation,Yes,No,CR0315956,US-2015-159252
"Thursday, 29 November 2018",Lack of Follow Up,Mobile App,Closed with explanation,Yes,No,CR1563107,US-2015-158730
"Friday, 13 January 2023",Uninterested Service Rep,Branch,Closed with explanation,Yes,No,CR1414538,US-2015-156143
"Tuesday, 23 October 2018",Lack of Follow Up,Mobile App,Closed with monetary relief,Yes,No,CR1874223,US-2015-151294
"Thursday, 25 November 2021",Uninterested Service Rep,Email,Closed with explanation,Yes,No,CR1497595,US-2015-157905
"Friday, 16 March 2018",Making Customers Repeat Their Problem,Email,Closed with explanation,Yes,No,CR2124324,US-2015-155518
"Monday, 5 October 2020",Lack of Follow Up,Phone Support,Closed with explanation,Yes,No,CR1509134,US-2015-153943
"Sunday, 2 July 2023",Uninterested Service Rep,Phone Support,In progress,Yes,,CR2399597,US-2015-157399
"Sunday, 2 August 2020",Long wait on hold,Mobile App,Closed with explanation,Yes,Yes,CR1874694,US-2015-152085
"Saturday, 1 April 2023",No First Call Resolution,Phone Support,Closed with explanation,Yes,No,CR2225814,US-2015-158296
"Monday, 29 March 2021",Long wait on hold,Branch,Closed with explanation,Yes,Yes,CR2209979,US-2015-154486
"Sunday, 28 May 2023",No First Call Resolution,Branch,Closed with monetary relief,Yes,No,CR1344050,US-2015-158470
"Thursday, 11 October 2018",Uninterested Service Rep,Email,Closed with explanation,Yes,No,CR1693184,US-2015-153620
"Saturday, 3 April 2021",No First Call Resolution,Mobile App,Closed with non-monetary relief,Yes,No,CR0785224,US-2015-156626
"Thursday, 10 March 2022",No First Call Resolution,Phone Support,Closed with explanation,Yes,No,CR0327012,US-2015-151621
"Saturday, 19 October 2019",Long wait on hold,Branch,Closed with explanation,Yes,No,CR2200226,US-2015-157072
"Friday, 2 October 2020",Poor Product or Service,Phone Support,Closed with monetary relief,Yes,No,CR2283829,US-2015-158474
"Saturday, 13 April 2019",Unavailable or Out of Stock Product,Email,Closed with explanation,Yes,No,CR1780662,US-2015-151738
"Friday, 16 June 2023",Long wait on hold,Mobile App,Closed with explanation,Yes,No,CR1418533,US-2015-155369
"Friday, 19 June 2020",New Product or Feature Request,Phone Support,Closed with explanation,Yes,Yes,CR1321268,US-2015-153668
"Saturday, 30 May 2020",Making Customers Repeat Their Problem,Mobile App,Closed with explanation,Yes,No,CR0182259,US-2015-155016
"Wednesday, 27 February 2019",Unavailable or Out of Stock Product,Email,Closed with explanation,Yes,No,CR1590438,US-2015-160543
"Friday, 5 January 2018",Unavailable or Out of Stock Product,Branch,Closed with non-monetary relief,Yes,No,CR1957744,US-2015-158792
"Wednesday, 29 December 2021",No First Call Resolution,Phone Support,Closed with explanation,Yes,No,CR1587313,US-2015-156300
"Monday, 8 June 2020",New Product or Feature Request,Phone Support,Closed with explanation,Yes,No,CR2058582,US-2015-157250
"Sunday, 2 December 2018",Lack of Follow Up,Phone Support,Closed with explanation,Yes,No,CR0500647,US-2015-158532
"Sunday, 21 January 2018",Poor Product or Service,Mobile App,Closed with explanation,Yes,Yes,CR1020704,US-2015-160500
"Monday, 13 February 2023",No First Call Resolution,Phone Support,Closed with monetary relief,Yes,No,CR1882476,US-2015-156041
"Sunday, 19 December 2021",Uninterested Service Rep,Phone Support,Closed with explanation,Yes,No,CR2241469,US-2015-158936
"Saturday, 23 February 2019",Long wait on hold,Branch,Closed with explanation,Yes,Yes,CR2241293,US-2015-156516
"Saturday, 3 December 2022",No First Call Resolution,Email,Closed with non-monetary relief,Yes,No,CR1824920,US-2015-158006
"Thursday, 1 September 2022",Unavailable or Out of Stock Product,Mobile App,Closed with explanation,Yes,No,CR1823750,US-2015-152898
"Tuesday, 9 February 2021",Unavailable or Out of Stock Product,Mobile App,Closed with explanation,Yes,Yes,CR0644906,US-2015-157488
"Monday, 3 February 2020",No First Call Resolution,Email,Closed with explanation,Yes,No,CR1484141,US-2015-158710
"Tuesday, 13 September 2022",Lack of Follow Up,Mobile App,Closed with monetary relief,Yes,No,CR0255281,US-2015-155979
"Friday, 14 August 2020",No First Call Resolution,Branch,Closed with explanation,Yes,No,CR2165760,US-2015-159910
"Thursday, 5 March 2020",No First Call Resolution,Phone Support,Closed with explanation,Yes,No,CR1764286,US-2015-159566
"Wednesday, 18 August 2021",Long wait on hold,Mobile App,Closed with non-monetary relief,Yes,Yes,CR0094377,US-2015-160492
"Saturday, 10 July 2021",Making Customers Repeat Their Problem,Branch,Closed with explanation,Yes,No,CR1633043,US-2015-153766
"Tuesday, 27 August 2019",Long wait on hold,Email,Closed with explanation,Yes,Yes,CR0922473,US-2015-156030
"Friday, 3 May 2019",Unavailable or Out of Stock Product,Phone Support,Closed with monetary relief,Yes,,CR2368744,US-2015-153409
"Sunday, 2 June 2019",Unavailable or Out of Stock Product,Mobile App,Closed with explanation,Yes,No,CR1385114,US-2015-152171
"Friday, 10 January 2020",Unavailable or Out of Stock Product,Email,Closed with explanation,Yes,No,CR2106806,US-2015-153348
"Sunday, 26 January 2020",Uninterested Service Rep,Email,Closed with explanation,Yes,No,CR1554953,US-2015-152174
"Tuesday, 10 November 2020",Lack of Follow Up,Phone Support,Closed with explanation,Yes,No,CR1474895,US-2015-152219
"Friday, 5 April 2019",New Product or Feature Request,Mobile App,Closed with explanation,Yes,No,CR2024387,US-2015-152658
"Friday, 6 December 2019",Uninterested Service Rep,Phone Support,Closed with non-monetary relief,Yes,No,CR1917514,US-2015-160227
"Friday, 5 October 2018",Long wait on hold,Mobile App,Closed with explanation,Yes,No,CR2239685,US-2015-153180
"Tuesday, 17 May 2022",No First Call Resolution,Mobile App,Closed with explanation,Yes,No,CR1751316,US-2015-159289
"Saturday, 5 December 2020",Lack of Follow Up,Email,Closed with explanation,Yes,No,CR1839619,US-2015-156898
"Thursday, 28 November 2019",Unavailable or Out of Stock Product,Branch,Closed with explanation,Yes,No,CR0426655,US-2015-156537
"Tuesday, 22 December 2020",Making Customers Repeat Their Problem,Phone Support,Closed with explanation,Yes,No,CR1182076,US-2015-159948
"Sunday, 2 July 2023",Poor Product or Service,Email,Closed with monetary relief,Yes,No,CR2019528,US-2015-152845
"Thursday, 27 February 2020",Uninterested Service Rep,Phone Support,Closed with monetary relief,Yes,Yes,CR2053856,US-2015-151454
"Thursday, 10 May 2018",Making Customers Repeat Their Problem,Email,Closed with explanation,Yes,No,CR0338363,US-2015-152564
"Wednesday, 11 July 2018",Poor Product or Service,Email,Closed with explanation,Yes,No,CR0789608,US-2015-155667
"Monday, 3 June 2019",Making Customers Repeat Their Problem,Branch,Closed with explanation,Yes,,CR2398513,US-2015-152978
"Wednesday, 4 September 2019",New Product or Feature Request,Mobile App,Closed with explanation,Yes,Yes,CR2254957,US-2015-150684
"Wednesday, 21 August 2019",No First Call Resolution,Branch,Closed with explanation,Yes,No,CR1875796,US-2015-150654
"Saturday, 26 October 2019",Uninterested Service Rep,Phone Support,Closed with explanation,Yes,No,CR1509215,US-2015-152386
"Friday, 24 September 2021",Long wait on hold,Mobile App,Closed with explanation,Yes,Yes,CR1037284,US-2015-153236
"Tuesday, 13 February 2018",Making Customers Repeat Their Problem,Mobile App,Closed with explanation,Yes,No,CR0499118,US-2015-157352
"Friday, 9 July 2021",Making Customers Repeat Their Problem,Phone Support,Closed with monetary relief,Yes,No,CR1881766,US-2015-153859
"Tuesday, 7 May 2019",Unavailable or Out of Stock Product,Mobile App,Closed with explanation,Yes,No,CR1422293,US-2015-156393
"Wednesday, 9 May 2018",Unavailable or Out of Stock Product,Email,Closed with explanation,Yes,No,CR2209088,US-2015-151590
"Monday, 3 September 2018",Long wait on hold,Phone Support,Closed with explanation,Yes,Yes,CR1351891,US-2015-151470
"Sunday, 12 June 2022",New Product or Feature Request,Branch,Closed with explanation,Yes,No,CR0185270,US-2015-153285
"Thursday, 12 August 2021",Making Customers Repeat Their Problem,Branch,Closed with explanation,Yes,No,CR2291907,US-2015-152158
"Wednesday, 8 August 2018",Poor Product or Service,Email,Closed with monetary relief,Yes,Yes,CR1325033,US-2015-151982
"Saturday, 1 August 2020",Making Customers Repeat Their Problem,Phone Support,Closed with explanation,Yes,No,CR2124296,US-2015-153546
"Monday, 26 June 2023",Unavailable or Out of Stock Product,Branch,Closed with explanation,Yes,No,CR2059861,US-2015-155036
"Tuesday, 10 December 2019",No First Call Resolution,Email,Closed with explanation,Yes,Yes,CR1693351,US-2015-158885
"Saturday, 23 January 2021",Poor Product or Service,Mobile App,Closed with explanation,Yes,Yes,CR1590106,US-2015-154952
"Thursday, 6 December 2018",Poor Product or Service,Mobile App,Closed with monetary relief,Yes,Yes,CR1592064,US-2015-157752
"Wednesday, 31 July 2019",New Product or Feature Request,Email,Closed with monetary relief,Yes,No,CR1959194,US-2015-158296
"Tuesday, 31 May 2022",Long wait on hold,Email,Closed with explanation,Yes,Yes,CR1786858,US-2015-153768
"Sunday, 19 August 2018",Lack of Follow Up,Branch,Closed with monetary relief,Yes,No,CR2053433,US-2015-158339
"Wednesday, 11 September 2019",Long wait on hold,Email,Closed with monetary relief,Yes,No,CR1670934,US-2015-155105
"Monday, 16 January 2023",Making Customers Repeat Their Problem,Email,Closed with explanation,Yes,No,CR1874363,US-2015-154325
"Tuesday, 25 August 2020",New Product or Feature Request,Phone Support,Closed with monetary relief,Yes,No,CR0454551,US-2015-158268
"Sunday, 3 May 2020",Lack of Follow Up,Phone Support,Closed with explanation,Yes,Yes,CR1826636,US-2015-160144
"Tuesday, 9 January 2018",Poor Product or Service,Mobile App,Closed with non-monetary relief,Yes,No,CR1496383,US-2015-155365
"Monday, 25 June 2018",Long wait on hold,Branch,Closed with explanation,Yes,Yes,CR0725940,US-2015-155542
"Monday, 14 October 2019",No First Call Resolution,Phone Support,Closed with explanation,Yes,No,CR2272079,US-2015-156044
"Monday, 22 June 2020",Poor Product or Service,Mobile App,Closed with explanation,Yes,No,CR1942110,US-2015-156755
"Friday, 23 October 2020",Long wait on hold,Branch,Closed with explanation,Yes,No,CR0314152,US-2015-159772
"Saturday, 6 February 2021",No First Call Resolution,Phone Support,Closed with explanation,Yes,No,CR2187824,US-2015-152792
"Sunday, 7 November 2021",New Product or Feature Request,Email,Closed with monetary relief,Yes,No,CR2140531,US-2015-153388
"Sunday, 29 July 2018",Poor Product or Service,Mobile App,Closed with explanation,Yes,No,CR1323862,US-2015-159770
"Thursday, 18 April 2019",Making Customers Repeat Their Problem,Email,Closed with explanation,Yes,No,CR1414194,US-2015-153642
"Sunday, 29 December 2019",New Product or Feature Request,Branch,Closed with explanation,Yes,No,CR1544742,US-2015-155661
"Monday, 10 September 2018",Making Customers Repeat Their Problem,Phone Support,Closed with explanation,Yes,Yes,CR0144417,US-2015-153197
"Thursday, 9 March 2023",Unavailable or Out of Stock Product,Mobile App,Closed with explanation,Yes,Yes,CR0997116,US-2015-155358
"Thursday, 27 April 2023",Lack of Follow Up,Phone Support,Closed with explanation,Yes,No,CR2119080,US-2015-157925
"Thursday, 12 July 2018",Poor Product or Service,Email,Closed with explanation,Yes,No,CR1768779,US-2015-160229
"Saturday, 10 June 2023",Lack of Follow Up,Phone Support,Closed with non-monetary relief,Yes,No,CR1578014,US-2015-156589
"Friday, 8 January 2021",New Product or Feature Request,Email,In progress,Yes,,CR2394492,US-2015-151881
"Sunday, 21 July 2019",Making Customers Repeat Their Problem,Branch,Closed with explanation,Yes,No,CR1737466,US-2015-155511
"Friday, 18 October 2019",Uninterested Service Rep,Phone Support,Closed with explanation,Yes,No,CR1828100,US-2015-155484
"Saturday, 1 December 2018",Uninterested Service Rep,Mobile App,Closed with monetary relief,Yes,No,CR1739146,US-2015-156914
"Wednesday, 24 May 2023",No First Call Resolution,Mobile App,Closed with non-monetary relief,Yes,No,CR2106749,US-2015-150842
"Tuesday, 28 January 2020",Unavailable or Out of Stock Product,Mobile App,Closed with explanation,Yes,No,CR1434539,US-2015-155683
"Tuesday, 9 November 2021",Lack of Follow Up,Branch,Closed with monetary relief,Yes,No,CR2212245,US-2015-154097
"Thursday, 14 February 2019",Poor Product or Service,Mobile App,In progress,Yes,,CR2403665,US-2015-160475
"Friday, 25 September 2020",Unavailable or Out of Stock Product,Email,Closed with explanation,Yes,No,CR2295998,US-2015-157730
"Tuesday, 31 December 2019",Unavailable or Out of Stock Product,Mobile App,Closed with explanation,Yes,No,CR1328481,US-2015-155062
"Thursday, 14 June 2018",Making Customers Repeat Their Problem,Mobile App,Closed with explanation,Yes,No,CR1712593,US-2015-155613
"Sunday, 27 February 2022",No First Call Resolution,Mobile App,Closed with explanation,Yes,Yes,CR0194736,US-2015-151862
"Friday, 14 October 2022",New Product or Feature Request,Email,Closed with explanation,Yes,No,CR1359157,US-2015-152807
"Friday, 15 March 2019",Making Customers Repeat Their Problem,Email,Closed with explanation,Yes,No,CR2123996,US-2015-157726
"Friday, 18 October 2019",New Product or Feature Request,Email,Closed with explanation,Yes,Yes,CR0795200,US-2015-150927
"Saturday, 24 August 2019",Lack of Follow Up,Email,Closed with explanation,Yes,No,CR1043298,US-2015-157490
"Thursday, 10 May 2018",Making Customers Repeat Their Problem,Phone Support,Closed with explanation,Yes,No,CR1875589,US-2015-156528
"Wednesday, 24 November 2021",New Product or Feature Request,Branch,Closed with explanation,Yes,,CR2319065,US-2015-160252
"Wednesday, 28 September 2022",Making Customers Repeat Their Problem,Email,Closed with explanation,Yes,Yes,CR1967343,US-2015-155449
"Wednesday, 19 July 2023",New Product or Feature Request,Mobile App,Closed with explanation,Yes,Yes,CR1516691,US-2015-156092
"Monday, 3 February 2020",Long wait on hold,Phone Support,Closed with explanation,Yes,No,CR1790071,US-2015-151912
"Sunday, 21 May 2023",Lack of Follow Up,Phone Support,Closed with explanation,Yes,Yes,CR1621364,US-2015-157235
"Sunday, 24 June 2018",Poor Product or Service,Phone Support,Closed with explanation,Yes,Yes,CR0347128,US-2015-152162
"Monday, 16 November 2020",Long wait on hold,Email,Closed with explanation,Yes,Yes,CR2067841,US-2015-154248
"Wednesday, 10 March 2021",Uninterested Service Rep,Email,Closed with monetary relief,Yes,Yes,CR1885950,US-2015-157415
"Tuesday, 23 February 2021",Lack of Follow Up,Phone Support,Closed with explanation,Yes,Yes,CR1597893,US-2015-156382
"Monday, 26 April 2021",Unavailable or Out of Stock Product,Mobile App,Closed with monetary relief,Yes,No,CR0503464,US-2015-158223
"Saturday, 1 May 2021",Poor Product or Service,Email,Closed with monetary relief,Yes,No,CR1878237,US-2015-154635
"Saturday, 16 June 2018",Lack of Follow Up,Mobile App,Closed with explanation,Yes,No,CR1524415,US-2015-156943
"Sunday, 3 July 2022",Long wait on hold,Email,Closed with explanation,Yes,No,CR1381322,US-2015-154372
"Sunday, 27 September 2020",Long wait on hold,Phone Support,Closed with explanation,Yes,Yes,CR1440934,US-2015-152980
"Thursday, 23 February 2023",Unavailable or Out of Stock Product,Email,Closed with explanation,Yes,,CR2406312,US-2015-152711
"Saturday, 18 December 2021",New Product or Feature Request,Branch,Closed with explanation,Yes,No,CR1894861,US-2015-155274
"Thursday, 8 February 2018",Lack of Follow Up,Phone Support,Closed with explanation,Yes,No,CR1384883,US-2015-150767
"Wednesday, 20 March 2019",Long wait on hold,Branch,Closed with explanation,Yes,Yes,CR1440090,US-2015-158035
"Sunday, 12 August 2018",Unavailable or Out of Stock Product,Phone Support,Closed with explanation,Yes,,CR2347888,US-2015-151746
"Thursday, 18 January 2018",Unavailable or Out of Stock Product,Branch,Closed with explanation,Yes,No,CR2068994,US-2015-153306
"Thursday, 24 May 2018",Poor Product or Service,Email,Closed with explanation,Yes,,CR2323490,US-2015-159199
"Wednesday, 5 August 2020",Uninterested Service Rep,Branch,Closed with explanation,Yes,No,CR0800215,US-2015-158986
"Sunday, 21 August 2022",Long wait on hold,Branch,Closed with explanation,Yes,No,CR2311024,US-2015-160351
"Monday, 5 August 2019",Long wait on hold,Phone Support,Closed with explanation,Yes,No,CR0508374,US-2015-154944
"Monday, 13 July 2020",Lack of Follow Up,Mobile App,Closed with explanation,Yes,No,CR1608859,US-2015-158374
"Tuesday, 18 April 2023",No First Call Resolution,Phone Support,Closed with explanation,Yes,Yes,CR0362356,US-2015-160460
"Sunday, 9 February 2020",Uninterested Service Rep,Phone Support,Closed with explanation,Yes,No,CR1645852,US-2015-160027
"Thursday, 23 December 2021",No First Call Resolution,Phone Support,Closed with non-monetary relief,Yes,No,CR2298405,US-2015-151782
"Monday, 5 October 2020",No First Call Resolution,Email,Closed with explanation,Yes,Yes,CR1974115,US-2015-151343
"Tuesday, 20 March 2018",No First Call Resolution,Mobile App,Closed with non-monetary relief,Yes,No,CR0201107,US-2015-154928
"Monday, 26 July 2021",Poor Product or Service,Branch,Closed with non-monetary relief,Yes,No,CR1877516,US-2015-157346
"Thursday, 11 November 2021",Making Customers Repeat Their Problem,Branch,Closed with monetary relief,Yes,No,CR1718256,US-2015-151515
"Saturday, 12 March 2022",New Product or Feature Request,Phone Support,Closed with explanation,Yes,No,CR1335855,US-2015-158827
"Sunday, 20 February 2022",New Product or Feature Request,Phone Support,Closed with non-monetary relief,Yes,Yes,CR1792706,US-2015-159537
"Tuesday, 8 December 2020",Lack of Follow Up,Branch,Closed with explanation,Yes,No,CR0512719,US-2015-160452
"Friday, 8 May 2020",Long wait on hold,Phone Support,Closed with monetary relief,Yes,,CR2353277,US-2015-152035
"Saturday, 4 March 2023",Lack of Follow Up,Phone Support,Closed with explanation,Yes,No,CR2214180,US-2015-155205
"Sunday, 16 January 2022",Lack of Follow Up,Email,Closed with explanation,Yes,Yes,CR0361734,US-2015-154332
"Saturday, 27 July 2019",No First Call Resolution,Phone Support,Closed with explanation,Yes,No,CR1609334,US-2015-152643
"Monday, 26 December 2022",No First Call Resolution,Phone Support,Closed with explanation,Yes,No,CR1052075,US-2015-150735
"Sunday, 10 June 2018",Unavailable or Out of Stock Product,Email,Closed with explanation,Yes,Yes,CR0804364,US-2015-150900
"Friday, 23 April 2021",Unavailable or Out of Stock Product,Phone Support,In progress,Yes,,CR2407613,US-2015-154120
"Tuesday, 7 December 2021",Uninterested Service Rep,Email,Closed with explanation,Yes,No,CR2218454,US-2015-159500
"Thursday, 13 December 2018",Lack of Follow Up,Email,Closed with explanation,Yes,No,CR2124247,US-2015-155137
"Sunday, 3 May 2020",Unavailable or Out of Stock Product,Email,Closed with explanation,Yes,No,CR1905472,US-2015-151839
"Thursday, 25 May 2023",No First Call Resolution,Branch,Closed with explanation,Yes,No,CR2080151,US-2015-159694
"Tuesday, 3 August 2021",Unavailable or Out of Stock Product,Phone Support,Closed with explanation,Yes,Yes,CR2123785,US-2015-154532
"Saturday, 15 October 2022",Uninterested Service Rep,Mobile App,Closed with explanation,Yes,No,CR0197192,US-2015-150929
"Tuesday, 23 May 2023",Uninterested Service Rep,Branch,Closed with explanation,Yes,No,CR1631076,US-2015-151063
"Tuesday, 23 October 2018",No First Call Resolution,Phone Support,Closed with explanation,Yes,No,CR1968121,US-2015-153671
"Friday, 1 April 2022",Uninterested Service Rep,Branch,Closed with explanation,Yes,No,CR1331611,US-2015-160473
"Sunday, 2 May 2021",New Product or Feature Request,Phone Support,Closed with explanation,Yes,Yes,CR1048746,US-2015-158198
"Friday, 27 January 2023",Lack of Follow Up,Mobile App,Closed with explanation,Yes,No,CR1795747,US-2015-153164
"Saturday, 30 January 2021",Poor Product or Service,Phone Support,Closed with explanation,Yes,Yes,CR1522846,US-2015-154880
"Wednesday, 29 September 2021",Uninterested Service Rep,Email,Closed with non-monetary relief,Yes,No,CR1712230,US-2015-156608
"Sunday, 21 August 2022",Unavailable or Out of Stock Product,Phone Support,Closed with monetary relief,Yes,No,CR1052629,US-2015-159292
"Sunday, 1 December 2019",Uninterested Service Rep,Phone Support,Closed with explanation,Yes,,CR2311310,US-2015-159722
"Saturday, 6 April 2019",Lack of Follow Up,Mobile App,Closed with explanation,Yes,No,CR1528299,US-2015-150714
"Friday, 17 July 2020",Making Customers Repeat Their Problem,Branch,Closed with non-monetary relief,Yes,No,CR1419608,US-2015-159084
"Monday, 28 October 2019",Uninterested Service Rep,Phone Support,Closed with monetary relief,Yes,No,CR2130710,US-2015-160144
"Saturday, 28 July 2018",Making Customers Repeat Their Problem,Email,Closed with monetary relief,Yes,No,CR1892105,US-2015-159363
"Tuesday, 8 December 2020",Poor Product or Service,Branch,Closed with explanation,Yes,No,CR2079025,US-2015-153304
"Saturday, 4 December 2021",Uninterested Service Rep,Phone Support,Closed with monetary relief,Yes,No,CR1913916,US-2015-158199
"Sunday, 24 November 2019",Lack of Follow Up,Branch,Closed with monetary relief,Yes,No,CR0838199,US-2015-154627
"Tuesday, 15 December 2020",Making Customers Repeat Their Problem,Phone Support,Closed with explanation,Yes,No,CR1660760,US-2015-160456
"Wednesday, 31 July 2019",No First Call Resolution,Email,Closed with explanation,Yes,No,CR0369207,US-2015-156528
"Saturday, 2 January 2021",Unavailable or Out of Stock Product,Mobile App,Closed with explanation,Yes,No,CR1799864,US-2015-155192
"Friday, 20 September 2019",Uninterested Service Rep,Email,Closed with explanation,Yes,Yes,CR1343326,US-2015-156578
"Saturday, 10 March 2018",No First Call Resolution,Mobile App,Closed with explanation,Yes,No,CR0209127,US-2015-159167
"Sunday, 8 August 2021",Making Customers Repeat Their Problem,Phone Support,Closed with monetary relief,Yes,No,CR2222223,US-2015-155457
"Sunday, 26 July 2020",No First Call Resolution,Branch,Closed with explanation,Yes,No,CR1721069,US-2015-154941
"Friday, 17 September 2021",Uninterested Service Rep,Phone Support,Closed with non-monetary relief,Yes,,CR2398334,US-2015-155938
"Tuesday, 27 June 2023",Uninterested Service Rep,Branch,Closed with explanation,Yes,No,CR1986094,US-2015-156594
"Wednesday, 14 February 2018",Lack of Follow Up,Email,Closed with explanation,Yes,,CR2421250,US-2015-157435
"Friday, 23 April 2021",Uninterested Service Rep,Branch,Closed with monetary relief,Yes,No,CR1612696,US-2015-157453
"Friday, 4 October 2019",No First Call Resolution,Mobile App,Closed with explanation,Yes,No,CR0524922,US-2015-150949
"Friday, 8 October 2021",Uninterested Service Rep,Branch,Closed with explanation,Yes,No,CR1458455,US-2015-150761
"Saturday, 11 December 2021",Lack of Follow Up,Branch,Closed with explanation,Yes,,CR2322711,US-2015-151901
"Friday, 21 February 2020",New Product or Feature Request,Phone Support,Closed with explanation,Yes,,CR2368953,US-2015-154680
"Friday, 26 March 2021",Making Customers Repeat Their Problem,Branch,Closed with explanation,Yes,,CR2327253,US-2015-159913
"Friday, 6 May 2022",Lack of Follow Up,Email,Closed with monetary relief,Yes,,CR2326406,US-2015-156321
"Thursday, 13 January 2022",Unavailable or Out of Stock Product,Email,Closed with monetary relief,Yes,,CR2371479,US-2015-155438
"Monday, 28 December 2020",Uninterested Service Rep,Email,Closed with monetary relief,Yes,,CR2331971,US-2015-152025
"Friday, 23 September 2022",Lack of Follow Up,Email,In progress,Yes,,CR2331412,US-2015-160347
"Thursday, 13 May 2021",Unavailable or Out of Stock Product,Mobile App,Closed with explanation,Yes,No,CR1924106,US-2015-151836
"Sunday, 29 December 2019",Uninterested Service Rep,Mobile App,Closed with explanation,Yes,No,CR1986130,US-2015-153077
"Thursday, 30 April 2020",Unavailable or Out of Stock Product,Mobile App,Closed with explanation,Yes,Yes,CR1350500,US-2015-155257
"Tuesday, 10 May 2022",Making Customers Repeat Their Problem,Email,Closed with explanation,Yes,No,CR1612774,US-2015-156865
"Tuesday, 12 March 2019",Poor Product or Service,Email,Closed with monetary relief,Yes,No,CR2222679,US-2015-152355
"Wednesday, 1 January 2020",No First Call Resolution,Branch,Closed with explanation,Yes,No,CR2083973,US-2015-158348
"Tuesday, 28 March 2023",Lack of Follow Up,Email,Closed with explanation,Yes,Yes,CR1802785,US-2015-154643
"Monday, 14 September 2020",Long wait on hold,Mobile App,Closed with explanation,Yes,,CR2375209,US-2015-151961
"Wednesday, 10 May 2023",Making Customers Repeat Their Problem,Email,Closed with explanation,Yes,,CR2313440,US-2015-158586
"Wednesday, 21 February 2018",No First Call Resolution,Email,Closed with explanation,Yes,No,CR1434177,US-2015-150682
"Saturday, 10 September 2022",Poor Product or Service,Mobile App,Closed with explanation,Yes,No,CR1529786,US-2015-155607
"Sunday, 19 March 2023",New Product or Feature Request,Branch,Closed with explanation,Yes,No,CR0212889,US-2015-152797
"Thursday, 18 March 2021",Unavailable or Out of Stock Product,Mobile App,Closed with explanation,Yes,No,CR1468137,US-2015-156324
"Wednesday, 24 August 2022",Uninterested Service Rep,Email,Closed with explanation,Yes,No,CR1722292,US-2015-151664
"Thursday, 15 July 2021",Lack of Follow Up,Mobile App,Closed with explanation,Yes,Yes,CR1676436,US-2015-154445
"Sunday, 9 October 2022",Poor Product or Service,Mobile App,Closed with monetary relief,Yes,Yes,CR0547152,US-2015-157420
"Wednesday, 11 December 2019",Long wait on hold,Email,Closed with explanation,Yes,No,CR1898039,US-2015-154290
"Friday, 3 August 2018",New Product or Feature Request,Branch,Closed with relief,Yes,No,CR0014704,US-2015-159582
"Saturday, 29 May 2021",Unavailable or Out of Stock Product,Email,Closed with explanation,Yes,Yes,CR1059300,US-2015-156380
"Wednesday, 11 December 2019",New Product or Feature Request,Email,Closed with explanation,Yes,No,CR0842671,US-2015-160354
"Thursday, 27 June 2019",Uninterested Service Rep,Phone Support,Closed with explanation,Yes,No,CR0371074,US-2015-153282
"Wednesday, 15 June 2022",Making Customers Repeat Their Problem,Email,Closed with explanation,Yes,No,CR2131993,US-2015-151491
"Wednesday, 2 June 2021",Making Customers Repeat Their Problem,Phone Support,Closed with explanation,Yes,,CR2405000,US-2015-153780
"Wednesday, 27 March 2019",Lack of Follow Up,Mobile App,Closed with explanation,Yes,,CR2333445,US-2015-154955
"Wednesday, 2 January 2019",Unavailable or Out of Stock Product,Phone Support,Closed with explanation,Yes,,CR2335191,US-2015-159838
"Tuesday, 3 August 2021",Making Customers Repeat Their Problem,Branch,Closed with explanation,Yes,Yes,CR2281296,US-2015-159286
"Wednesday, 15 May 2019",Long wait on hold,Mobile App,Closed with explanation,Yes,,CR2336216,US-2015-150715
"Sunday, 4 April 2021",New Product or Feature Request,Email,Closed with explanation,Yes,No,CR1357213,US-2015-154705
"Saturday, 28 March 2020",No First Call Resolution,Branch,Closed with explanation,Yes,,CR2401648,US-2015-159333
"Sunday, 19 July 2020",Lack of Follow Up,Mobile App,Closed with explanation,Yes,No,CR1968804,US-2015-160025
"Tuesday, 10 September 2019",No First Call Resolution,Branch,Closed with explanation,Yes,No,CR1788844,US-2015-160612
"Wednesday, 10 January 2018",Making Customers Repeat Their Problem,Email,Closed with explanation,Yes,Yes,CR0189436,US-2015-157659
"Monday, 21 December 2020",Long wait on hold,Email,Closed with explanation,Yes,No,CR1324289,US-2015-159403
"Thursday, 29 November 2018",Lack of Follow Up,Email,Closed with explanation,Yes,No,CR1875991,US-2015-156967
"Sunday, 3 January 2021",Lack of Follow Up,Mobile App,Closed with explanation,Yes,Yes,CR2293843,US-2015-156995
"Sunday, 12 April 2020",Unavailable or Out of Stock Product,Mobile App,Closed with explanation,Yes,Yes,CR1706813,US-2015-153692
"Thursday, 11 January 2018",Poor Product or Service,Branch,Closed with monetary relief,Yes,No,CR2065657,US-2015-157014
"Saturday, 21 September 2019",Making Customers Repeat Their Problem,Email,Closed with explanation,Yes,No,CR0793529,US-2015-159167
"Tuesday, 9 June 2020",New Product or Feature Request,Email,Closed with monetary relief,Yes,No,CR2123924,US-2015-154080
"Wednesday, 7 June 2023",Lack of Follow Up,Phone Support,Closed,Yes,Yes,CR1621318,US-2015-152952
"Friday, 24 August 2018",No First Call Resolution,Mobile App,Closed with explanation,Yes,No,CR1042825,US-2015-157698
"Monday, 27 August 2018",Making Customers Repeat Their Problem,Phone Support,Closed with explanation,Yes,Yes,CR1590286,US-2015-155058
"Wednesday, 5 April 2023",Uninterested Service Rep,Mobile App,Closed with explanation,Yes,No,CR0338719,US-2015-155162
"Tuesday, 20 April 2021",Uninterested Service Rep,Mobile App,Closed with explanation,Yes,,CR2318000,US-2015-156202
"Saturday, 8 October 2022",New Product or Feature Request,Phone Support,Closed with explanation,Yes,No,CR1512902,US-2015-159982
"Thursday, 30 May 2019",Long wait on hold,Branch,Closed with explanation,Yes,Yes,CR1428359,US-2015-157940
"Friday, 3 January 2020",Unavailable or Out of Stock Product,Phone Support,Closed with explanation,Yes,Yes,CR1884968,US-2015-153254
"Friday, 18 December 2020",Long wait on hold,Branch,Closed with explanation,Yes,Yes,CR0499187,US-2015-159009
"Friday, 9 April 2021",No First Call Resolution,Phone Support,Closed with monetary relief,Yes,No,CR2212620,US-2015-151239
"Saturday, 17 September 2022",Long wait on hold,Mobile App,Closed with explanation,Yes,No,CR2131061,US-2015-154665
"Thursday, 3 May 2018",Uninterested Service Rep,Mobile App,Closed with explanation,Yes,No,CR0367356,US-2015-153995
"Friday, 16 July 2021",Poor Product or Service,Mobile App,Closed with explanation,Yes,No,CR1523348,US-2015-152617
"Saturday, 6 November 2021",Making Customers Repeat Their Problem,Phone Support,Closed with monetary relief,Yes,No,CR1645849,US-2015-158648
"Sunday, 16 May 2021",Making Customers Repeat Their Problem,Phone Support,Closed with non-monetary relief,Yes,No,CR1912930,US-2015-160216
"Saturday, 14 May 2022",No First Call Resolution,Mobile App,Closed with monetary relief,Yes,No,CR1891272,US-2015-154707
"Wednesday, 7 July 2021",Long wait on hold,Branch,Closed with explanation,Yes,No,CR1343295,US-2015-160121
"Thursday, 8 February 2018",New Product or Feature Request,Email,Closed with explanation,Yes,No,CR1448631,US-2015-153087
"Saturday, 30 January 2021",Long wait on hold,Email,In progress,Yes,,CR2395319,US-2015-153738
"Saturday, 3 October 2020",New Product or Feature Request,Branch,Closed with explanation,Yes,No,CR0517670,US-2015-158185
"Saturday, 21 April 2018",New Product or Feature Request,Mobile App,Closed with explanation,Yes,No,CR2078889,US-2015-156232
"Thursday, 11 January 2018",No First Call Resolution,Branch,Closed with explanation,Yes,No,CR1412354,US-2015-155028
"Sunday, 17 November 2019",New Product or Feature Request,Phone Support,In progress,Yes,,CR2406895,US-2015-155188
"Thursday, 8 November 2018",Uninterested Service Rep,Email,Closed with non-monetary relief,Yes,No,CR0206371,US-2015-152213
"Friday, 22 July 2022",No First Call Resolution,Mobile App,Closed with explanation,Yes,,CR2310424,US-2015-150948
"Saturday, 3 June 2023",Unavailable or Out of Stock Product,Branch,Closed with explanation,Yes,No,CR1979353,US-2015-151880
"Sunday, 7 January 2018",Lack of Follow Up,Branch,Closed with explanation,Yes,No,CR0824833,US-2015-155160
"Tuesday, 11 July 2023",Lack of Follow Up,Email,Closed with explanation,Yes,No,CR1720348,US-2015-152112
"Monday, 9 September 2019",New Product or Feature Request,Email,Closed with explanation,Yes,No,CR2220251,US-2015-155123
"Thursday, 6 July 2023",No First Call Resolution,Mobile App,Closed with explanation,Yes,No,CR1608784,US-2015-157126
"Thursday, 24 September 2020",Making Customers Repeat Their Problem,Mobile App,Closed with non-monetary relief,Yes,No,CR1797317,US-2015-153205
"Sunday, 6 May 2018",Poor Product or Service,Phone Support,Closed with explanation,Yes,Yes,CR1051007,US-2015-151545