date_received,product,issue,channel,company_response,timely_response,consumer_disputed,complaint_id,client_id
2018-01-16,Bank account or service,Deposits and withdrawals,Email,Closed with explanation,Yes,No,CR0922485,C00003989
2019-12-21,Bank account or service,"Account opening, closing, or management",Phone Support,Closed with relief,Yes,No,CR0057298,C00006567
2017-09-21,Bank account or service,"Account opening, closing, or management",Branch,Closed without relief,Yes,No,CR0043811,C00001369
2019-11-17,Credit card,Billing disputes,Mobile App,Closed with relief,Yes,No,CR0035411,C00006474
2020-11-03,Bank account or service,"Account opening, closing, or management",Branch,Closed with relief,Yes,No,CR0030939,C00003721
2020-11-22,Bank account or service,Problems caused by my funds being low,Email,Closed with relief,Yes,No,CR0030070,C00004542
2018-11-15,Credit card,Other fee,Branch,Closed without relief,Yes,No,CR0013328,C00000945
2021-02-18,Credit card,Collection debt dispute,Phone Support,Closed without relief,Yes,No,CR0003732,C00003641
2021-10-15,Bank account or service,Deposits and withdrawals,Phone Support,Closed with explanation,Yes,,CR2405000,C00009715
2021-12-25,Credit card,Other,Phone Support,Closed with non-monetary relief,Yes,,CR2398334,C00003672
2018-03-28,Bank account or service,"Account opening, closing, or management",Email,In progress,Yes,,CR2395319,C00001539
2022-04-04,Bank account or service,Deposits and withdrawals,Mobile App,Closed with explanation,Yes,,CR2375209,C00001947
2018-07-13,Bank account or service,"Account opening, closing, or management",Email,Closed with monetary relief,Yes,,CR2371479,C00004029
2018-05-31,Credit card,Identity theft / Fraud / Embezzlement,Phone Support,Closed with explanation,Yes,,CR2368953,C00004796
2020-06-23,Bank account or service,Deposits and withdrawals,Phone Support,Closed with monetary relief,Yes,,CR2353277,C00003142
2018-10-08,Credit card,Identity theft / Fraud / Embezzlement,Phone Support,Closed with explanation,Yes,,CR2347888,C00000778
2020-07-31,Bank account or service,Deposits and withdrawals,Branch,Closed with explanation,Yes,,CR2327253,C00001896
2020-09-25,Credit card,Other,Branch,Closed with explanation,Yes,,CR2319065,C00003455
2017-04-19,Bank account or service,"Making/receiving payments, sending money",Mobile App,Closed with explanation,Yes,,CR2318000,C00003971
2020-08-17,Credit card,Other,Branch,Closed with explanation,Yes,Yes,CR2281296,C00000265
2020-04-01,Credit card,Credit line increase/decrease,Mobile App,Closed with explanation,Yes,Yes,CR2254957,C00000744
2022-07-28,Credit card,Billing disputes,Phone Support,Closed with explanation,Yes,No,CR2241469,C00001355
2021-05-25,Credit card,Billing disputes,Branch,Closed with explanation,Yes,Yes,CR2241293,C00001512
2021-07-28,Bank account or service,"Making/receiving payments, sending money",Mobile App,Closed with monetary relief,Yes,No,CR2239563,C00002929
2020-06-19,Credit card,Late fee,Branch,Closed with monetary relief,Yes,No,CR2230679,C00009366
2019-08-25,Bank account or service,"Account opening, closing, or management",Phone Support,Closed with explanation,Yes,No,CR2225814,C00001054
2020-10-22,Bank account or service,Deposits and withdrawals,Phone Support,Closed with monetary relief,Yes,No,CR2214250,C00004192
2020-09-03,Bank account or service,Deposits and withdrawals,Phone Support,Closed with explanation,Yes,No,CR2208613,C00001054
2019-07-02,Bank account or service,"Account opening, closing, or management",Branch,Closed with explanation,Yes,No,CR2200226,C00003088
2019-05-19,Credit card,Sale of account,Mobile App,Closed with explanation,Yes,No,CR2195804,C00005201
2021-06-10,Credit card,Identity theft / Fraud / Embezzlement,Branch,Closed with monetary relief,Yes,No,CR2192368,C00000565
2019-09-19,Credit card,Identity theft / Fraud / Embezzlement,Email,Closed with monetary relief,Yes,No,CR2190357,C00000065
2017-12-04,Bank account or service,"Account opening, closing, or management",Phone Support,Closed with non-monetary relief,Yes,No,CR2184843,C00001170
2021-01-16,Bank account or service,"Account opening, closing, or management",Email,Closed with explanation,Yes,No,CR2150336,C00003931
2021-08-22,Bank account or service,"Account opening, closing, or management",Branch,Closed with explanation,Yes,No,CR2147799,C00004668
2017-06-21,Bank account or service,"Account opening, closing, or management",Branch,Closed with explanation,Yes,Yes,CR2146555,C00004383
2022-03-07,Bank account or service,Deposits and withdrawals,Email,Closed with monetary relief,Yes,No,CR2140531,C00003151
2021-06-09,Bank account or service,Deposits and withdrawals,Phone Support,Closed with monetary relief,Yes,No,CR2132541,C00002610
2022-09-08,Bank account or service,"Account opening, closing, or management",Phone Support,Closed with explanation,Yes,Yes,CR2128698,C00007855
2018-06-21,Bank account or service,"Account opening, closing, or management",Branch,Closed with explanation,Yes,No,CR2125933,C00002350
2018-06-13,Credit card,Balance transfer fee,Mobile App,Closed with non-monetary relief,Yes,No,CR2106749,C00005736
2021-01-13,Credit card,Billing disputes,Branch,Closed with explanation,Yes,No,CR2089516,C00002452
2022-04-15,Bank account or service,Deposits and withdrawals,Branch,Closed with explanation,Yes,No,CR2083797,C00001941
2020-08-05,Bank account or service,Deposits and withdrawals,Email,Closed with explanation,Yes,Yes,CR2081319,C00003961
2020-03-25,Credit card,Billing disputes,Branch,Closed with explanation,Yes,No,CR2075840,C00000768
2018-01-18,Bank account or service,"Account opening, closing, or management",Phone Support,Closed with monetary relief,Yes,Yes,CR2053856,C00002072
2019-10-05,Bank account or service,"Making/receiving payments, sending money",Email,Closed with explanation,Yes,No,CR2047406,C00007241
2020-04-01,Bank account or service,"Account opening, closing, or management",Phone Support,Closed with explanation,Yes,No,CR2036377,C00001506
2017-02-19,Bank account or service,Deposits and withdrawals,Email,Closed with monetary relief,Yes,No,CR2019528,C00007311
2017-02-15,Bank account or service,"Account opening, closing, or management",Phone Support,Closed with explanation,Yes,No,CR2017443,C00003253
2017-11-22,Bank account or service,"Account opening, closing, or management",Email,Closed with explanation,Yes,No,CR2015196,C00004944
2018-07-20,Credit card,Billing disputes,Email,Closed with explanation,Yes,No,CR1994567,C00004187
2021-10-09,Bank account or service,Deposits and withdrawals,Phone Support,Closed with explanation,Yes,No,CR1952426,C00002679
2017-07-04,Bank account or service,"Account opening, closing, or management",Email,Closed with explanation,Yes,No,CR1943347,C00000930
2019-02-24,Credit card,Identity theft / Fraud / Embezzlement,Mobile App,Closed with explanation,Yes,No,CR1942158,C00002427
2018-12-19,Bank account or service,"Account opening, closing, or management",Email,Closed with explanation,Yes,No,CR1941865,C00000145
2020-05-14,Credit card,Identity theft / Fraud / Embezzlement,Mobile App,Closed with explanation,Yes,Yes,CR1938865,C00003583
2021-03-30,Bank account or service,Problems caused by my funds being low,Mobile App,Closed with explanation,Yes,Yes,CR1936930,C00000001
2019-09-26,Bank account or service,"Account opening, closing, or management",Phone Support,Closed with explanation,Yes,No,CR1932270,C00002938
2018-08-28,Bank account or service,"Account opening, closing, or management",Mobile App,Closed with explanation,Yes,No,CR1924106,C00000078
2017-04-07,Credit card,Customer service / Customer relations,Phone Support,Closed with monetary relief,Yes,No,CR1913916,C00001570
2018-02-14,Bank account or service,"Account opening, closing, or management",Phone Support,Closed with non-monetary relief,Yes,No,CR1912930,C00000535
2020-09-20,Bank account or service,"Account opening, closing, or management",Email,Closed with explanation,Yes,No,CR1905472,C00003751
2022-03-16,Credit card,Identity theft / Fraud / Embezzlement,Branch,Closed with explanation,Yes,No,CR1894861,C00000718
2020-09-04,Bank account or service,Deposits and withdrawals,Email,Closed with monetary relief,Yes,Yes,CR1885950,C00005016
2022-06-14,Bank account or service,Deposits and withdrawals,Phone Support,Closed with explanation,Yes,Yes,CR1884968,C00010828
2017-12-26,Bank account or service,Problems caused by my funds being low,Phone Support,Closed with monetary relief,Yes,No,CR1881766,C00002998
2021-09-23,Bank account or service,Deposits and withdrawals,Phone Support,Closed with monetary relief,Yes,No,CR1882476,C00012643
2020-08-06,Bank account or service,"Account opening, closing, or management",Phone Support,Closed with explanation,Yes,No,CR1869568,C00000702
2022-11-28,Credit card,Identity theft / Fraud / Embezzlement,Mobile App,Closed with explanation,Yes,No,CR1863969,C00012344
2017-01-27,Bank account or service,Deposits and withdrawals,Phone Support,Closed with explanation,Yes,No,CR1845683,C00003081
2019-07-18,Bank account or service,"Account opening, closing, or management",Phone Support,Closed with explanation,Yes,Yes,CR1826636,C00001012
2020-09-08,Bank account or service,"Account opening, closing, or management",Mobile App,Closed with explanation,Yes,No,CR1822084,C00013151
2020-07-15,Bank account or service,Deposits and withdrawals,Mobile App,Closed with explanation,Yes,No,CR1809285,C00003759
2021-11-14,Bank account or service,Deposits and withdrawals,Phone Support,Closed with explanation,Yes,Yes,CR1791074,C00001602
2019-02-10,Bank account or service,"Account opening, closing, or management",Email,Closed with explanation,Yes,Yes,CR1789593,C00002663
2022-06-27,Credit card,Other,Mobile App,Closed with explanation,Yes,No,CR1784697,C00001821
2022-08-27,Bank account or service,"Account opening, closing, or management",Phone Support,Closed with non-monetary relief,Yes,No,CR1775172,C00000319
2017-04-21,Bank account or service,"Account opening, closing, or management",Mobile App,Closed with explanation,Yes,No,CR1773179,C00005050
2020-07-16,Bank account or service,Deposits and withdrawals,Phone Support,Closed with explanation,Yes,No,CR1773807,C00000141
2018-10-25,Credit card,Billing disputes,Phone Support,Closed with explanation,Yes,No,CR1764286,C00001361
2022-08-19,Credit card,Other,Phone Support,Closed with explanation,Yes,Yes,CR1762648,C00001586
2017-07-29,Credit card,Billing disputes,Mobile App,Closed with explanation,Yes,,CR1756498,C00002932
2017-10-13,Credit card,Identity theft / Fraud / Embezzlement,Phone Support,Closed with explanation,Yes,Yes,CR1756563,C00004773
2017-08-14,Bank account or service,"Account opening, closing, or management",Mobile App,Closed with monetary relief,Yes,No,CR1744554,C00001068
2021-03-26,Bank account or service,Deposits and withdrawals,Mobile App,Closed with monetary relief,Yes,No,CR1734737,C00002020
2021-09-04,Bank account or service,"Account opening, closing, or management",Mobile App,Closed with explanation,Yes,No,CR1729929,C00010746
2022-08-18,Bank account or service,"Account opening, closing, or management",Branch,Closed with explanation,Yes,Yes,CR1725606,C00003498
2017-09-13,Bank account or service,"Making/receiving payments, sending money",Branch,Closed with explanation,Yes,No,CR1713275,C00004278
2017-02-21,Bank account or service,Problems caused by my funds being low,Phone Support,Closed with monetary relief,Yes,No,CR1708290,C00003387
2018-11-28,Bank account or service,"Account opening, closing, or management",Mobile App,Closed with explanation,Yes,Yes,CR1676436,C00003354
2021-06-04,Credit card,Other,Phone Support,Closed with explanation,Yes,No,CR1660760,C00001713
2021-02-14,Bank account or service,"Account opening, closing, or management",Phone Support,Closed with monetary relief,Yes,No,CR1645849,C00000526
2022-05-16,Bank account or service,Problems caused by my funds being low,Phone Support,Closed with explanation,Yes,No,CR1645852,C00001953
2017-06-14,Bank account or service,Deposits and withdrawals,Branch,Closed with explanation,Yes,No,CR1631076,C00004202
2020-01-05,Credit card,Other,Phone Support,Closed with explanation,Yes,Yes,CR1621364,C00003759
2018-12-05,Credit card,Identity theft / Fraud / Embezzlement,Phone Support,Closed,Yes,Yes,CR1621318,C00003066
2017-05-03,Credit card,Billing disputes,Mobile App,Closed with monetary relief,Yes,Yes,CR1592064,C00004355
2020-10-31,Bank account or service,Problems caused by my funds being low,Email,Closed with explanation,Yes,No,CR1590438,C00004016
2017-09-04,Bank account or service,"Making/receiving payments, sending money",Email,Closed with non-monetary relief,Yes,No,CR1573466,C00002364
2020-10-20,Bank account or service,Deposits and withdrawals,Mobile App,Closed with monetary relief,Yes,No,CR1566591,C00004596
2019-06-04,Bank account or service,Deposits and withdrawals,Mobile App,Closed with explanation,Yes,No,CR1563107,C00004585
2020-03-15,Credit card,Advertising and marketing,Branch,Closed with explanation,Yes,No,CR1544742,C00003819
2022-09-22,Bank account or service,"Account opening, closing, or management",Branch,Closed with explanation,Yes,No,CR1544229,C00001888
2018-11-20,Credit card,Billing disputes,Branch,Closed with explanation,Yes,Yes,CR1531152,C00002512
2017-06-25,Bank account or service,Deposits and withdrawals,Branch,Closed with explanation,Yes,No,CR1527767,C00003250
2021-05-25,Credit card,Identity theft / Fraud / Embezzlement,Email,Closed with explanation,Yes,Yes,CR1507211,C00000566
2018-04-03,Bank account or service,Deposits and withdrawals,Email,Closed with non-monetary relief,Yes,No,CR1498821,C00003514
2020-06-29,Bank account or service,Problems caused by my funds being low,Phone Support,Closed with explanation,Yes,No,CR1494677,C00002117
2020-10-18,Bank account or service,"Account opening, closing, or management",Branch,Closed with explanation,Yes,No,CR1485802,C00001305
2020-10-21,Bank account or service,"Account opening, closing, or management",Phone Support,Closed with explanation,Yes,Yes,CR1483597,C00003805
2021-06-22,Credit card,Billing disputes,Phone Support,Closed with explanation,Yes,No,CR1474895,C00003028
2021-08-22,Bank account or service,"Account opening, closing, or management",Phone Support,Closed with explanation,Yes,No,CR1467137,C00006272
2018-02-08,Bank account or service,"Account opening, closing, or management",Branch,Closed with monetary relief,Yes,No,CR1459299,C00003881
2022-05-03,Bank account or service,"Account opening, closing, or management",Mobile App,Closed with non-monetary relief,Yes,No,CR1455861,C00012750
2021-04-17,Bank account or service,"Account opening, closing, or management",Mobile App,Closed with non-monetary relief,Yes,No,CR1455862,C00003944
2022-08-23,Credit card,Transaction issue,Mobile App,Closed with explanation,Yes,No,CR1452043,C00004163
2017-08-06,Credit card,Billing disputes,Phone Support,Closed with explanation,Yes,No,CR1451644,C00002069
2018-07-05,Credit card,Billing disputes,Mobile App,Closed with non-monetary relief,Yes,Yes,CR1452819,C00003025
2020-07-13,Credit card,Identity theft / Fraud / Embezzlement,Email,Closed with explanation,Yes,No,CR1435238,C00000767
2019-07-05,Bank account or service,"Account opening, closing, or management",Phone Support,Closed with explanation,Yes,Yes,CR1433236,C00003575
2021-07-22,Bank account or service,"Account opening, closing, or management",Email,Closed with explanation,Yes,No,CR1434177,C00002213
2021-07-28,Credit card,Credit line increase/decrease,Branch,Closed with non-monetary relief,Yes,No,CR1419608,C00000940
2020-01-06,Credit card,Late fee,Branch,Closed with explanation,Yes,No,CR1412354,C00002155
2020-04-01,Credit card,Identity theft / Fraud / Embezzlement,Phone Support,Closed with explanation,Yes,No,CR1384883,C00000734
2022-07-26,Bank account or service,"Account opening, closing, or management",Email,Closed with explanation,Yes,No,CR1381322,C00000246
2021-05-19,Bank account or service,Using a debit or ATM card,Email,Closed with explanation,Yes,No,CR1359157,C00001675
2020-05-05,Bank account or service,Deposits and withdrawals,Email,Closed with explanation,Yes,No,CR1357213,C00000168
2018-10-18,Bank account or service,"Account opening, closing, or management",Phone Support,Closed with explanation,Yes,Yes,CR1351891,C00003146
2017-05-09,Bank account or service,"Account opening, closing, or management",Branch,Closed with monetary relief,Yes,No,CR1344050,C00002046
2018-07-03,Credit card,Billing statement,Mobile App,Closed with explanation,Yes,No,CR1338985,C00004426
2019-04-09,Bank account or service,Deposits and withdrawals,Branch,Closed with explanation,Yes,No,CR1340503,C00003231
2021-12-22,Bank account or service,Deposits and withdrawals,Phone Support,Closed with non-monetary relief,Yes,No,CR1334090,C00003951
2020-09-07,Bank account or service,"Making/receiving payments, sending money",Mobile App,Closed with explanation,Yes,No,CR1323862,C00003457
2020-02-13,Bank account or service,Using a debit or ATM card,Mobile App,Closed with explanation,Yes,Yes,CR1305593,C00001874
2019-03-13,Bank account or service,Deposits and withdrawals,Mobile App,Closed with explanation,Yes,Yes,CR1301819,C00002436
2017-09-04,Bank account or service,Deposits and withdrawals,Email,Closed with monetary relief,Yes,No,CR1282520,C00002493
2020-10-28,Credit card,Billing disputes,Branch,Closed with explanation,Yes,No,CR1275516,C00003024
2020-12-04,Credit card,Identity theft / Fraud / Embezzlement,Phone Support,Closed with explanation,Yes,No,CR1249514,C00002109
2021-06-24,Bank account or service,Deposits and withdrawals,Email,Closed with monetary relief,Yes,No,CR1193863,C00003173
2018-07-02,Bank account or service,Deposits and withdrawals,Email,Closed with explanation,Yes,Yes,CR1185692,C00000470
2019-03-21,Bank account or service,Deposits and withdrawals,Email,Closed with explanation,Yes,Yes,CR1182664,C00003146
2022-11-05,Bank account or service,Deposits and withdrawals,Phone Support,Closed with explanation,Yes,No,CR1182076,C00004959
2022-05-20,Bank account or service,Deposits and withdrawals,Branch,Closed with explanation,Yes,No,CR1167964,C00000144
2020-10-11,Credit card,Billing disputes,Mobile App,Closed with explanation,Yes,Yes,CR1165956,C00003710
2021-06-15,Bank account or service,Using a debit or ATM card,Branch,Closed with explanation,Yes,Yes,CR1159924,C00000603
2022-05-19,Credit card,Other,Email,Closed with explanation,Yes,No,CR1148113,C00001784
2022-11-21,Bank account or service,Deposits and withdrawals,Branch,Closed with explanation,Yes,No,CR1142808,C00001375
2021-01-18,Bank account or service,Deposits and withdrawals,Branch,Closed with explanation,Yes,No,CR1141314,C00000144
2021-08-01,Bank account or service,"Account opening, closing, or management",Mobile App,Closed with explanation,Yes,No,CR1109288,C00004310
2019-10-17,Bank account or service,"Account opening, closing, or management",Phone Support,Closed with explanation,Yes,Yes,CR1101885,C00002315
2022-10-17,Bank account or service,"Account opening, closing, or management",Email,Closed with non-monetary relief,Yes,No,CR1080256,C00004302
2019-01-21,Bank account or service,"Making/receiving payments, sending money",Branch,Closed with explanation,Yes,No,CR1062228,C00011875
2021-04-21,Bank account or service,Deposits and withdrawals,Email,Closed with explanation,Yes,Yes,CR1059300,C00003908
2017-01-07,Bank account or service,"Account opening, closing, or management",Phone Support,Closed with monetary relief,Yes,No,CR1052629,C00000175
2019-01-02,Credit card,Rewards,Phone Support,Closed with explanation,Yes,Yes,CR1051007,C00012561
2021-12-13,Credit card,Other,Phone Support,Closed with explanation,Yes,No,CR1052075,C00003310
2018-03-11,Credit card,Arbitration,Phone Support,Closed with explanation,Yes,Yes,CR1048746,C00005163
2018-12-06,Credit card,Closing/Cancelling account,Email,Closed with explanation,Yes,No,CR1043298,C00001820
2019-06-01,Bank account or service,Deposits and withdrawals,Mobile App,Closed with explanation,Yes,No,CR1042825,C00003452
2022-11-04,Bank account or service,Deposits and withdrawals,Mobile App,Closed with explanation,Yes,Yes,CR1037284,C00002767
2021-01-08,Bank account or service,"Account opening, closing, or management",Mobile App,Closed with explanation,Yes,Yes,CR1020704,C00004618
2017-07-06,Bank account or service,"Account opening, closing, or management",Email,Closed with explanation,Yes,No,CR1016584,C00000076
2018-02-27,Credit card,Other,Phone Support,Closed with monetary relief,Yes,No,CR1015058,C00004576
2018-03-01,Bank account or service,Problems caused by my funds being low,Branch,Closed with monetary relief,Yes,No,CR1007303,C00000424
2022-03-25,Bank account or service,Deposits and withdrawals,Mobile App,Closed with explanation,Yes,Yes,CR0997116,C00003962
2019-11-02,Bank account or service,"Account opening, closing, or management",Mobile App,Closed with explanation,Yes,No,CR0991303,C00009641
2017-01-30,Bank account or service,Deposits and withdrawals,Phone Support,Closed with monetary relief,Yes,No,CR0988096,C00003347
2020-07-11,Bank account or service,Deposits and withdrawals,Email,Closed with explanation,Yes,No,CR0981611,C00004227
2017-04-07,Credit card,Closing/Cancelling account,Branch,Closed with explanation,Yes,No,CR0951400,C00003759
2021-04-23,Credit card,Customer service / Customer relations,Mobile App,Closed with explanation,Yes,No,CR0949403,C00000348
2022-07-11,Bank account or service,"Making/receiving payments, sending money",Branch,Closed with monetary relief,Yes,No,CR0947307,C00007586
2017-04-14,Bank account or service,Deposits and withdrawals,Phone Support,Closed with explanation,Yes,No,CR0942501,C00000067
2018-04-06,Bank account or service,"Account opening, closing, or management",Branch,Closed with explanation,Yes,No,CR0927871,C00003970
2019-03-28,Bank account or service,"Account opening, closing, or management",Email,Closed with explanation,Yes,Yes,CR0922473,C00001875
2018-03-13,Bank account or service,"Account opening, closing, or management",Mobile App,Closed with explanation,Yes,No,CR0888321,C00000988
2021-06-27,Bank account or service,"Account opening, closing, or management",Phone Support,Closed with explanation,Yes,No,CR0887544,C00003494
2020-03-04,Credit card,Closing/Cancelling account,Phone Support,Closed with explanation,Yes,Yes,CR0871335,C00013480
2020-02-16,Credit card,Billing disputes,Mobile App,Closed with explanation,Yes,Yes,CR0869660,C00000985
2020-10-07,Bank account or service,Deposits and withdrawals,Branch,Closed with explanation,Yes,No,CR0865818,C00004217
2022-11-26,Bank account or service,"Account opening, closing, or management",Branch,Closed with explanation,Yes,Yes,CR0858349,C00003164
2020-03-20,Bank account or service,Deposits and withdrawals,Mobile App,Closed with monetary relief,Yes,No,CR0855237,C00004311
2018-11-10,Bank account or service,Deposits and withdrawals,Phone Support,Closed with monetary relief,Yes,No,CR0853368,C00003777
2017-03-02,Bank account or service,Deposits and withdrawals,Email,Closed with explanation,Yes,No,CR0842671,C00003929
2019-09-09,Bank account or service,"Account opening, closing, or management",Branch,Closed with monetary relief,Yes,No,CR0838199,C00001654
2022-03-16,Credit card,Delinquent account,Branch,Closed with explanation,Yes,No,CR0824833,C00003199
2018-10-25,Bank account or service,"Account opening, closing, or management",Email,Closed with explanation,Yes,Yes,CR0804364,C00003340
2022-06-05,Bank account or service,"Account opening, closing, or management",Branch,Closed with explanation,Yes,No,CR0800215,C00001443
2021-04-06,Bank account or service,Using a debit or ATM card,Email,Closed with explanation,Yes,Yes,CR0795200,C00001772
2022-03-21,Bank account or service,Deposits and withdrawals,Email,Closed with explanation,Yes,No,CR0793529,C00002031
2017-06-05,Bank account or service,"Account opening, closing, or management",Email,Closed with explanation,Yes,No,CR0789608,C00000162
2019-11-17,Bank account or service,"Account opening, closing, or management",Mobile App,Closed with non-monetary relief,Yes,No,CR0785224,C00002583
2022-06-07,Bank account or service,"Account opening, closing, or management",Email,Closed with explanation,Yes,No,CR0783255,C00003516
2020-04-03,Bank account or service,"Account opening, closing, or management",Mobile App,Closed with monetary relief,Yes,No,CR0746087,C00010145
2019-03-04,Bank account or service,"Account opening, closing, or management",Mobile App,Closed with monetary relief,Yes,No,CR0739756,C00000004
2019-07-05,Bank account or service,Deposits and withdrawals,Branch,Closed with explanation,Yes,Yes,CR0725940,C00001704
2021-11-09,Bank account or service,Deposits and withdrawals,Phone Support,Closed with explanation,Yes,Yes,CR0718616,C00004143
2017-11-06,Bank account or service,"Account opening, closing, or management",Mobile App,Closed with explanation,Yes,No,CR0707883,C00002904
2021-01-11,Bank account or service,Deposits and withdrawals,Branch,Closed with explanation,Yes,Yes,CR0705878,C00000305
2019-07-13,Bank account or service,Deposits and withdrawals,Mobile App,Closed with non-monetary relief,Yes,Yes,CR0702038,C00003308
2021-03-19,Bank account or service,"Account opening, closing, or management",Branch,Closed with explanation,Yes,No,CR0689939,C00003582
2019-12-26,Bank account or service,"Account opening, closing, or management",Branch,Closed with explanation,Yes,No,CR0688050,C00007800
2017-11-06,Bank account or service,"Account opening, closing, or management",Phone Support,Closed with explanation,Yes,No,CR0682046,C00004654
2022-01-23,Credit card,Cash advance,Branch,Closed with explanation,Yes,No,CR0659192,C00001845
2018-11-30,Bank account or service,"Account opening, closing, or management",Mobile App,Closed with explanation,Yes,Yes,CR0644906,C00000075
2017-07-22,Bank account or service,"Making/receiving payments, sending money",Phone Support,Closed with explanation,Yes,No,CR0644531,C00001206
2022-09-02,Bank account or service,"Account opening, closing, or management",Branch,Closed with explanation,Yes,Yes,CR0603229,C00003622
2017-11-08,Bank account or service,"Account opening, closing, or management",Branch,Closed with explanation,Yes,No,CR0587861,C00004457
2021-12-22,Credit card,Identity theft / Fraud / Embezzlement,Phone Support,Closed with explanation,Yes,Yes,CR0574864,C00003558
2019-02-17,Bank account or service,Deposits and withdrawals,Mobile App,Closed with explanation,Yes,Yes,CR0567779,C00011768
2020-07-14,Bank account or service,"Account opening, closing, or management",Phone Support,Closed with explanation,Yes,Yes,CR0561186,C00000738
2021-06-19,Credit card,Balance transfer,Phone Support,Closed with explanation,Yes,No,CR0559272,C00004673
2017-08-07,Credit card,Application processing delay,Email,Closed with explanation,Yes,No,CR0547876,C00008667
2017-09-23,Bank account or service,Problems caused by my funds being low,Mobile App,Closed with monetary relief,Yes,Yes,CR0547152,C00003563
2022-02-04,Bank account or service,"Making/receiving payments, sending money",Mobile App,Closed with explanation,Yes,No,CR0524922,C00010040
2019-04-05,Bank account or service,"Account opening, closing, or management",Branch,Closed with explanation,Yes,No,CR0517670,C00001782
2017-12-15,Bank account or service,"Account opening, closing, or management",Branch,Closed with explanation,Yes,No,CR0512719,C00003135
2017-01-20,Bank account or service,"Account opening, closing, or management",Phone Support,Closed with explanation,Yes,No,CR0508374,C00001629
2022-08-23,Bank account or service,Using a debit or ATM card,Mobile App,Closed with monetary relief,Yes,No,CR0503464,C00012358
2022-05-17,Bank account or service,"Account opening, closing, or management",Branch,Closed with explanation,Yes,Yes,CR0499187,C00010828
2020-12-04,Bank account or service,"Account opening, closing, or management",Mobile App,Closed with explanation,Yes,No,CR0499118,C00002779
2022-03-29,Bank account or service,Deposits and withdrawals,Phone Support,Closed with explanation,Yes,No,CR0500647,C00004539
2017-06-20,Bank account or service,Problems caused by my funds being low,Mobile App,Closed with explanation,Yes,Yes,CR0490204,C00001392
2022-01-01,Bank account or service,Problems caused by my funds being low,Email,Closed with explanation,Yes,No,CR0487225,C00004708
2019-03-04,Bank account or service,"Account opening, closing, or management",Branch,Closed with explanation,Yes,No,CR0480773,C00002323
2021-10-19,Credit card,Credit line increase/decrease,Phone Support,Closed with monetary relief,Yes,No,CR0454551,C00000731
2022-02-05,Bank account or service,Using a debit or ATM card,Phone Support,Closed with monetary relief,Yes,No,CR0479451,C00004084
2017-02-08,Bank account or service,"Account opening, closing, or management",Phone Support,Closed with explanation,Yes,Yes,CR0480573,C00001444
2020-08-25,Bank account or service,Using a debit or ATM card,Mobile App,Closed with monetary relief,Yes,Yes,CR0447457,C00001672
2017-01-09,Credit card,Transaction issue,Mobile App,Closed with explanation,Yes,Yes,CR0440370,C00002289
2018-06-15,Credit card,Delinquent account,Mobile App,Closed with explanation,Yes,No,CR0440277,C00001712
2018-03-25,Credit card,APR or interest rate,Mobile App,Closed with monetary relief,Yes,No,CR0437926,C00003856
2021-11-20,Bank account or service,"Account opening, closing, or management",Phone Support,Closed with explanation,Yes,Yes,CR0434587,C00004267
2022-03-06,Bank account or service,Deposits and withdrawals,Mobile App,Closed with monetary relief,Yes,No,CR0428430,C00002344
2021-02-19,Bank account or service,"Account opening, closing, or management",Branch,Closed with explanation,Yes,No,CR0426655,C00004551
2021-09-23,Credit card,Billing disputes,Phone Support,Closed with explanation,Yes,Yes,CR0420867,C00000474
2021-08-07,Credit card,Rewards,Email,Closed with explanation,Yes,Yes,CR0418611,C00000019
2019-09-14,Bank account or service,"Account opening, closing, or management",Email,Closed with monetary relief,Yes,No,CR0418479,C00003544
2021-01-18,Bank account or service,"Making/receiving payments, sending money",Mobile App,Closed with monetary relief,Yes,No,CR0411108,C00000008
2019-05-01,Bank account or service,"Account opening, closing, or management",Email,Closed with monetary relief,Yes,No,CR0404275,C00012416
2017-01-25,Bank account or service,Using a debit or ATM card,Phone Support,Closed with explanation,Yes,Yes,CR0404310,C00002997
2020-04-02,Bank account or service,"Account opening, closing, or management",Email,Closed with non-monetary relief,Yes,Yes,CR0394315,C00003939
2019-03-18,Credit card,Billing disputes,Branch,Closed with explanation,Yes,Yes,CR0373513,C00003320
2019-02-24,Credit card,Credit reporting,Phone Support,Closed with explanation,Yes,No,CR0371074,C00004309
2022-04-18,Bank account or service,Deposits and withdrawals,Email,Closed with explanation,Yes,No,CR0369207,C00002264
2018-08-18,Credit card,Late fee,Mobile App,Closed with explanation,Yes,No,CR0367356,C00000339
2020-12-26,Bank account or service,"Account opening, closing, or management",Email,Closed with explanation,Yes,Yes,CR0361734,C00003159
2018-05-28,Bank account or service,"Making/receiving payments, sending money",Phone Support,Closed with explanation,Yes,Yes,CR0362356,C00001719
2019-10-11,Credit card,Billing disputes,Phone Support,Closed with explanation,Yes,Yes,CR0347128,C00004072
2019-02-17,Credit card,Closing/Cancelling account,Mobile App,Closed with explanation,Yes,No,CR0338719,C00003684
2020-02-21,Credit card,Credit line increase/decrease,Email,Closed with explanation,Yes,No,CR0338363,C00000014
2017-05-09,Bank account or service,"Making/receiving payments, sending money",Phone Support,Closed with explanation,Yes,No,CR0327012,C00002588
2017-11-04,Bank account or service,"Account opening, closing, or management",Mobile App,Closed with monetary relief,Yes,No,CR0327025,C00000451
2020-07-12,Credit card,Billing disputes,Phone Support,Closed with explanation,Yes,No,CR0322720,C00004230
2018-02-16,Credit card,Credit reporting,Mobile App,Closed with explanation,Yes,No,CR0315956,C00004275
2020-06-12,Bank account or service,"Account opening, closing, or management",Branch,Closed with explanation,Yes,No,CR0314152,C00002872
2018-04-22,Credit card,Identity theft / Fraud / Embezzlement,Branch,Closed with explanation,Yes,Yes,CR0313086,C00002454
2021-10-10,Bank account or service,"Making/receiving payments, sending money",Email,Closed with explanation,Yes,No,CR0310506,C00001996
2020-05-10,Bank account or service,"Account opening, closing, or management",Mobile App,Closed with explanation,Yes,No,CR0294434,C00002563
2017-04-17,Bank account or service,"Making/receiving payments, sending money",Branch,Closed with explanation,Yes,No,CR0285804,C00000653
2020-01-28,Credit card,Credit reporting,Email,Closed with explanation,Yes,Yes,CR0283220,C00004321
2022-09-22,Bank account or service,"Account opening, closing, or management",Email,Closed with explanation,Yes,No,CR0277914,C00002550
2018-09-03,Bank account or service,Deposits and withdrawals,Branch,Closed with explanation,Yes,Yes,CR0258067,C00000629
2022-12-03,Bank account or service,Problems caused by my funds being low,Branch,Closed with monetary relief,Yes,No,CR0256410,C00000775
2020-02-17,Bank account or service,Deposits and withdrawals,Mobile App,Closed with monetary relief,Yes,No,CR0255281,C00000606
2017-10-26,Bank account or service,Deposits and withdrawals,Mobile App,Closed with explanation,Yes,No,CR0257240,C00004930
2021-01-22,Credit card,Credit reporting,Branch,Closed with explanation,Yes,No,CR0245763,C00003085
2019-01-14,Bank account or service,Using a debit or ATM card,Mobile App,Closed with explanation,Yes,No,CR0230239,C00000080
2022-10-02,Bank account or service,Deposits and withdrawals,Branch,Closed with monetary relief,Yes,No,CR0229354,C00010662
2018-10-22,Bank account or service,Problems caused by my funds being low,Mobile App,Closed with explanation,Yes,Yes,CR0229326,C00008276
2017-05-31,Bank account or service,Deposits and withdrawals,Phone Support,Closed with monetary relief,Yes,No,CR0223678,C00000540
2017-02-22,Bank account or service,Problems caused by my funds being low,Branch,Closed with explanation,Yes,Yes,CR0221502,C00002118
2017-11-06,Bank account or service,Deposits and withdrawals,Branch,Closed with monetary relief,Yes,No,CR0222601,C00001406
2018-02-11,Credit card,Identity theft / Fraud / Embezzlement,Mobile App,Closed with explanation,No,,CR0220184,C00004468
2022-11-06,Bank account or service,"Account opening, closing, or management",Phone Support,Closed with explanation,Yes,Yes,CR0214774,C00003078
2020-12-25,Credit card,Billing disputes,Branch,Closed with explanation,Yes,No,CR0212889,C00002587
2019-01-25,Bank account or service,"Account opening, closing, or management",Mobile App,Closed with explanation,Yes,No,CR0209127,C00002542
2021-01-05,Credit card,Credit reporting,Email,Closed with non-monetary relief,Yes,No,CR0206371,C00002373
2021-10-15,Credit card,Billing disputes,Mobile App,Closed with non-monetary relief,Yes,No,CR0201107,C00002178
2020-03-12,Bank account or service,"Account opening, closing, or management",Mobile App,Closed with explanation,Yes,No,CR0197192,C00004088
2017-04-17,Credit card,Identity theft / Fraud / Embezzlement,Mobile App,Closed with explanation,Yes,Yes,CR0194736,C00001495
2022-06-14,Credit card,Balance transfer,Email,Closed with explanation,Yes,Yes,CR0189436,C00000642
2018-03-27,Credit card,Closing/Cancelling account,Branch,Closed with explanation,Yes,No,CR0185270,C00003225
2021-06-06,Credit card,Credit reporting,Mobile App,Closed with explanation,Yes,No,CR0182259,C00003970
2022-03-23,Bank account or service,"Account opening, closing, or management",Phone Support,Closed with explanation,Yes,No,CR0170715,C00004462
2017-10-09,Credit card,Other,Branch,Closed with explanation,No,No,CR0161683,C00004090
2020-04-23,Bank account or service,Deposits and withdrawals,Email,Closed with explanation,Yes,Yes,CR0146975,C00000633
2019-01-17,Bank account or service,"Making/receiving payments, sending money",Phone Support,Closed with explanation,Yes,Yes,CR0144417,C00003864
2018-11-21,Bank account or service,Deposits and withdrawals,Branch,Closed with monetary relief,Yes,No,CR0138644,C00002604
2020-10-02,Bank account or service,"Account opening, closing, or management",Email,Closed with monetary relief,Yes,Yes,CR0138235,C00004432
2017-03-01,Credit card,Billing disputes,Branch,Closed with explanation,Yes,No,CR0132727,C00001116
2020-05-01,Credit card,Rewards,Mobile App,Closed with explanation,Yes,No,CR0130587,C00003769
2020-07-16,Bank account or service,Using a debit or ATM card,Email,Closed with monetary relief,Yes,No,CR0130233,C00005245
2021-04-12,Bank account or service,Deposits and withdrawals,Phone Support,Closed with explanation,Yes,Yes,CR0121560,C00001909
2021-09-29,Credit card,Credit reporting,Mobile App,Closed with explanation,Yes,Yes,CR0108967,C00002452
2019-02-04,Bank account or service,"Account opening, closing, or management",Mobile App,Closed with non-monetary relief,Yes,Yes,CR0097731,C00004402
2018-04-27,Bank account or service,"Account opening, closing, or management",Mobile App,Closed with non-monetary relief,Yes,Yes,CR0094377,C00001679
2020-06-26,Credit card,Credit reporting,Branch,Closed with explanation,Yes,No,CR0090075,C00000078
2022-12-21,Bank account or service,Deposits and withdrawals,Mobile App,Closed with explanation,No,Yes,CR0091084,C00001630
2022-05-08,Credit card,Billing disputes,Mobile App,Closed with monetary relief,No,Yes,CR0089542,C00011362
2022-06-25,Bank account or service,"Making/receiving payments, sending money",Branch,Closed with relief,Yes,Yes,CR0054494,C00003989
2019-03-19,Bank account or service,"Account opening, closing, or management",Mobile App,Closed with relief,Yes,No,CR0044568,C00011093
2020-09-04,Credit card,Billing disputes,Branch,Closed with relief,Yes,Yes,CR0027693,C00002160
2018-04-26,Bank account or service,Deposits and withdrawals,Branch,Closed with relief,Yes,No,CR0034610,C00001905
2019-09-04,Credit card,Credit reporting,Mobile App,Closed without relief,Yes,Yes,CR0013527,C00004239
2019-03-25,Credit card,Overlimit fee,Branch,Closed with relief,Yes,No,CR0014704,C00003656
2022-05-29,Bank account or service,"Account opening, closing, or management",Email,Closed with explanation,Yes,,CR2421250,C00004012
2020-11-03,Bank account or service,Deposits and withdrawals,Phone Support,In progress,Yes,,CR2406895,C00002321
2020-02-27,Bank account or service,"Account opening, closing, or management",Phone Support,In progress,Yes,,CR2407613,C00003409
2019-06-07,Bank account or service,"Account opening, closing, or management",Email,Closed with explanation,Yes,,CR2406312,C00000569
2017-07-16,Bank account or service,Deposits and withdrawals,Mobile App,In progress,Yes,,CR2403665,C00000759
2019-12-30,Credit card,Other,Branch,Closed with explanation,Yes,,CR2401648,C00000492
2019-08-21,Credit card,Other,Branch,Closed with explanation,Yes,,CR2398513,C00000445
2022-10-23,Bank account or service,"Making/receiving payments, sending money",Phone Support,In progress,Yes,,CR2399597,C00000873
2017-08-02,Bank account or service,"Account opening, closing, or management",Phone Support,In progress,Yes,,CR2398557,C00008333
2020-11-12,Credit card,Billing disputes,Branch,In progress,Yes,,CR2397904,C00000672
2021-04-24,Bank account or service,Problems caused by my funds being low,Branch,In progress,Yes,,CR2397006,C00004236
2019-11-20,Credit card,Other,Email,In progress,Yes,,CR2394492,C00012383
2018-08-20,Bank account or service,"Account opening, closing, or management",Mobile App,Closed with explanation,Yes,,CR2394945,C00003039
2022-12-08,Bank account or service,"Account opening, closing, or management",Mobile App,Closed with monetary relief,Yes,,CR2388201,C00009930
2022-10-27,Credit card,Other,Branch,Closed with explanation,Yes,,CR2387263,C00004233
2017-01-29,Bank account or service,"Account opening, closing, or management",Email,Closed with explanation,Yes,,CR2384632,C00005606
2021-11-07,Bank account or service,Using a debit or ATM card,Branch,Closed with monetary relief,Yes,,CR2381178,C00002656
2021-08-14,Bank account or service,"Account opening, closing, or management",Email,In progress,Yes,,CR2379569,C00005321
2020-04-03,Credit card,Closing/Cancelling account,Email,In progress,Yes,,CR2378467,C00013201
2017-02-15,Bank account or service,"Account opening, closing, or management",Phone Support,Closed with explanation,Yes,,CR2378054,C00003127
2022-06-25,Bank account or service,Problems caused by my funds being low,Phone Support,Closed with monetary relief,Yes,,CR2368744,C00001998
2018-08-20,Bank account or service,"Account opening, closing, or management",Email,Closed with monetary relief,Yes,,CR2362994,C00002171
2021-09-29,Credit card,Identity theft / Fraud / Embezzlement,Phone Support,Closed with explanation,Yes,,CR2349389,C00004468
2017-12-29,Bank account or service,"Account opening, closing, or management",Phone Support,Closed with explanation,Yes,,CR2350802,C00002180
2020-11-04,Bank account or service,"Account opening, closing, or management",Email,Closed with explanation,Yes,,CR2348744,C00000751
2021-04-04,Credit card,Identity theft / Fraud / Embezzlement,Email,Closed with explanation,Yes,,CR2344749,C00000881
2020-04-17,Bank account or service,"Account opening, closing, or management",Email,In progress,Yes,,CR2344048,C00002156
2019-08-26,Bank account or service,"Account opening, closing, or management",Mobile App,Closed with explanation,Yes,,CR2336216,C00004288
2022-06-14,Credit card,Identity theft / Fraud / Embezzlement,Phone Support,Closed with explanation,Yes,,CR2335191,C00002387
2019-12-24,Bank account or service,"Making/receiving payments, sending money",Mobile App,Closed with explanation,Yes,,CR2333445,C00000378
2021-02-27,Bank account or service,"Making/receiving payments, sending money",Email,Closed with monetary relief,Yes,,CR2331971,C00000622
2022-06-17,Bank account or service,Deposits and withdrawals,Email,In progress,Yes,,CR2331412,C00005579
2017-04-24,Credit card,Billing disputes,Email,Closed with monetary relief,Yes,,CR2326406,C00003077
2020-07-13,Credit card,Payoff process,Branch,Closed with explanation,Yes,,CR2322711,C00003059
2020-12-30,Bank account or service,"Account opening, closing, or management",Email,Closed with explanation,Yes,,CR2323490,C00001038
2020-07-19,Bank account or service,Deposits and withdrawals,Phone Support,Closed with explanation,Yes,,CR2319723,C00002593
2018-09-26,Bank account or service,"Account opening, closing, or management",Email,Closed with explanation,Yes,,CR2319809,C00004223
2019-09-21,Bank account or service,Deposits and withdrawals,Email,Closed with explanation,Yes,,CR2313440,C00002061
2019-08-09,Credit card,Billing disputes,Phone Support,Closed with explanation,Yes,,CR2311310,C00000491
2017-11-14,Credit card,Closing/Cancelling account,Mobile App,Closed with explanation,Yes,,CR2310424,C00002794
2017-02-17,Credit card,Transaction issue,Branch,Closed with explanation,Yes,No,CR2311024,C00001567
2017-09-20,Credit card,Closing/Cancelling account,Phone Support,Closed with non-monetary relief,Yes,No,CR2298405,C00002013
2018-12-02,Bank account or service,"Account opening, closing, or management",Email,Closed with explanation,Yes,No,CR2295998,C00000987
2019-01-22,Credit card,Closing/Cancelling account,Mobile App,Closed with explanation,Yes,Yes,CR2293843,C00001333
2019-09-09,Bank account or service,"Account opening, closing, or management",Branch,Closed with explanation,Yes,No,CR2291907,C00003280
2022-04-19,Credit card,Identity theft / Fraud / Embezzlement,Phone Support,Closed with monetary relief,Yes,No,CR2283829,C00003284
2022-09-05,Bank account or service,Using a debit or ATM card,Email,Closed with explanation,Yes,No,CR2280052,C00001632
2022-10-29,Bank account or service,"Account opening, closing, or management",Phone Support,Closed,Yes,No,CR2277705,C00004459
2020-05-18,Bank account or service,"Account opening, closing, or management",Branch,Closed with explanation,Yes,No,CR2275295,C00003927
2017-09-09,Credit card,Customer service / Customer relations,Phone Support,Closed with explanation,Yes,No,CR2272079,C00002344
2019-01-15,Bank account or service,Deposits and withdrawals,Mobile App,Closed with explanation,Yes,No,CR2271991,C00001717
2020-08-17,Credit card,Billing disputes,Mobile App,Closed with explanation,Yes,Yes,CR2267015,C00003283
2020-07-30,Credit card,Identity theft / Fraud / Embezzlement,Mobile App,Closed with explanation,Yes,No,CR2261646,C00011978
2018-03-11,Credit card,Billing disputes,Phone Support,Closed with explanation,Yes,No,CR2258943,C00004758
2021-06-14,Credit card,Identity theft / Fraud / Embezzlement,Branch,Closed with monetary relief,Yes,No,CR2259376,C00004307
2018-01-13,Bank account or service,"Account opening, closing, or management",Phone Support,Closed with explanation,Yes,No,CR2258552,C00004257
2021-11-18,Bank account or service,"Account opening, closing, or management",Phone Support,Closed with explanation,Yes,No,CR2249569,C00005642
2021-06-16,Bank account or service,"Account opening, closing, or management",Email,Closed with explanation,Yes,No,CR2250123,C00000865
2019-07-07,Credit card,Closing/Cancelling account,Mobile App,Closed with explanation,Yes,No,CR2239685,C00004125
2022-11-12,Credit card,Identity theft / Fraud / Embezzlement,Mobile App,Closed with explanation,Yes,Yes,CR2238023,C00004259
2019-04-22,Credit card,Identity theft / Fraud / Embezzlement,Phone Support,Closed with explanation,Yes,No,CR2236702,C00001188
2018-06-16,Bank account or service,"Account opening, closing, or management",Mobile App,Closed with non-monetary relief,Yes,No,CR2235451,C00001955
2022-12-06,Credit card,Billing disputes,Phone Support,Closed with monetary relief,Yes,No,CR2228854,C00001431
2020-06-04,Bank account or service,Deposits and withdrawals,Email,Closed with monetary relief,Yes,No,CR2230146,C00002069
2020-11-16,Credit card,Payoff process,Email,Closed with non-monetary relief,Yes,No,CR2226204,C00001106
2018-07-14,Credit card,Identity theft / Fraud / Embezzlement,Phone Support,Closed with explanation,Yes,No,CR2223424,C00004687
2020-07-28,Credit card,Other,Branch,Closed with monetary relief,Yes,No,CR2221342,C00000866
2019-10-20,Bank account or service,"Account opening, closing, or management",Email,Closed with monetary relief,Yes,No,CR2222679,C00001242
2018-05-18,Bank account or service,"Account opening, closing, or management",Phone Support,Closed with monetary relief,Yes,No,CR2222223,C00003045
2017-08-06,Bank account or service,"Account opening, closing, or management",Email,Closed with explanation,Yes,No,CR2220251,C00004221
2018-11-08,Bank account or service,Deposits and withdrawals,Email,Closed with explanation,Yes,No,CR2218454,C00003463
2020-07-23,Credit card,Credit determination,Phone Support,Closed with explanation,Yes,No,CR2214180,C00003150
2020-06-04,Credit card,Identity theft / Fraud / Embezzlement,Branch,Closed with monetary relief,Yes,No,CR2212245,C00000729
2022-09-07,Bank account or service,"Making/receiving payments, sending money",Phone Support,Closed with monetary relief,Yes,No,CR2212620,C00012416
2017-01-06,Credit card,Identity theft / Fraud / Embezzlement,Email,Closed with explanation,Yes,No,CR2209088,C00003085
2019-07-31,Credit card,Other,Branch,Closed with explanation,Yes,Yes,CR2209979,C00001771
2022-08-17,Bank account or service,"Account opening, closing, or management",Phone Support,Closed with explanation,Yes,No,CR2199697,C00000314
2020-08-01,Bank account or service,"Account opening, closing, or management",Phone Support,Closed with explanation,Yes,No,CR2193859,C00004014
2019-09-23,Bank account or service,"Account opening, closing, or management",Branch,Closed with explanation,Yes,No,CR2189595,C00003183
2017-02-07,Credit card,Late fee,Phone Support,Closed with explanation,Yes,No,CR2187824,C00003124
2018-06-23,Credit card,Other,Branch,Closed with non-monetary relief,Yes,No,CR2184797,C00003736
2017-10-15,Bank account or service,"Account opening, closing, or management",Branch,Closed with explanation,Yes,No,CR2182212,C00001954
2019-05-21,Credit card,Other,Email,Closed with monetary relief,Yes,No,CR2179090,C00002447
2019-11-28,Bank account or service,Problems caused by my funds being low,Email,Closed with explanation,Yes,No,CR2181276,C00000773
2020-11-01,Bank account or service,Deposits and withdrawals,Mobile App,Closed with explanation,Yes,No,CR2172937,C00009427
2022-06-17,Credit card,Closing/Cancelling account,Branch,Closed with explanation,Yes,Yes,CR2172002,C00006042
2022-03-02,Credit card,Billing statement,Phone Support,Closed with explanation,Yes,No,CR2173059,C00005213
2022-11-26,Credit card,Advertising and marketing,Mobile App,Closed with explanation,Yes,Yes,CR2166955,C00004494
2022-10-06,Bank account or service,"Account opening, closing, or management",Branch,Closed with explanation,Yes,No,CR2165760,C00000992
2021-11-16,Credit card,Identity theft / Fraud / Embezzlement,Email,Closed with monetary relief,Yes,No,CR2159818,C00003350
2021-12-23,Bank account or service,"Making/receiving payments, sending money",Branch,Closed with explanation,Yes,No,CR2157111,C00001686
2021-06-30,Credit card,Credit line increase/decrease,Phone Support,Closed with explanation,Yes,Yes,CR2155262,C00002507
2020-05-27,Credit card,Credit card protection / Debt protection,Branch,Closed with explanation,Yes,Yes,CR2151317,C00001620
2021-06-18,Credit card,Identity theft / Fraud / Embezzlement,Branch,Closed with explanation,Yes,No,CR2149200,C00011804
2018-08-19,Bank account or service,"Account opening, closing, or management",Mobile App,Closed with explanation,Yes,No,CR2149853,C00012738
2022-05-07,Credit card,Identity theft / Fraud / Embezzlement,Mobile App,Closed with monetary relief,Yes,No,CR2136255,C00002871
2017-05-23,Credit card,Credit line increase/decrease,Phone Support,Closed with explanation,Yes,No,CR2135116,C00003215
2022-09-10,Bank account or service,"Account opening, closing, or management",Email,Closed with explanation,Yes,No,CR2131993,C00006363
2021-09-21,Bank account or service,"Account opening, closing, or management",Phone Support,Closed with monetary relief,Yes,No,CR2130710,C00000981
2022-08-04,Bank account or service,"Account opening, closing, or management",Mobile App,Closed with explanation,Yes,No,CR2131061,C00000329
2021-09-11,Credit card,Delinquent account,Email,Closed with explanation,Yes,No,CR2124247,C00003466
2019-02-18,Credit card,Billing disputes,Phone Support,Closed with explanation,Yes,Yes,CR2123785,C00004021
2021-09-15,Credit card,Other,Email,Closed with explanation,Yes,No,CR2123996,C00001728
2021-08-21,Bank account or service,"Account opening, closing, or management",Email,Closed with monetary relief,Yes,No,CR2123924,C00002150
2017-01-02,Bank account or service,Deposits and withdrawals,Phone Support,Closed with explanation,Yes,No,CR2124296,C00003511
2022-02-06,Bank account or service,"Account opening, closing, or management",Email,Closed with explanation,Yes,No,CR2124324,C00000308
2020-09-17,Credit card,Closing/Cancelling account,Branch,Closed with explanation,Yes,No,CR2120430,C00000829
2019-05-22,Credit card,Identity theft / Fraud / Embezzlement,Branch,Closed with monetary relief,Yes,No,CR2119879,C00000121
2017-09-10,Credit card,Late fee,Email,Closed with explanation,Yes,No,CR2118493,C00001119
2021-03-02,Credit card,APR or interest rate,Phone Support,Closed with explanation,Yes,No,CR2119080,C00004115
2019-06-23,Bank account or service,"Account opening, closing, or management",Branch,Closed with explanation,Yes,No,CR2118524,C00003701
2020-05-08,Bank account or service,"Account opening, closing, or management",Phone Support,Closed with explanation,Yes,No,CR2119922,C00004273
2021-02-02,Bank account or service,"Account opening, closing, or management",Email,Closed with non-monetary relief,Yes,No,CR2114448,C00004994
2022-12-19,Bank account or service,"Making/receiving payments, sending money",Phone Support,Closed with explanation,Yes,No,CR2111298,C00000948
2019-09-15,Bank account or service,"Making/receiving payments, sending money",Mobile App,Closed with explanation,Yes,No,CR2111636,C00004488
2022-11-16,Bank account or service,"Account opening, closing, or management",Email,Closed with monetary relief,Yes,No,CR2112926,C00002732
2018-02-16,Credit card,Closing/Cancelling account,Branch,Closed with monetary relief,Yes,No,CR2110710,C00002652
2021-10-27,Bank account or service,"Account opening, closing, or management",Branch,Closed with explanation,Yes,No,CR2109011,C00000048
2022-04-28,Credit card,Other,Email,Closed with explanation,Yes,No,CR2106806,C00002205
2020-05-13,Bank account or service,"Account opening, closing, or management",Email,Closed with explanation,Yes,No,CR2106553,C00004886
2019-05-19,Bank account or service,Deposits and withdrawals,Branch,Closed with explanation,Yes,No,CR2107839,C00003274
2018-11-26,Credit card,Unsolicited issuance of credit card,Phone Support,Closed with explanation,Yes,No,CR2104830,C00003436
2019-03-16,Bank account or service,Deposits and withdrawals,Mobile App,Closed with explanation,Yes,No,CR2102776,C00004225
2020-12-20,Bank account or service,Deposits and withdrawals,Mobile App,Closed with monetary relief,Yes,No,CR2104114,C00004388
2022-09-15,Bank account or service,Deposits and withdrawals,Email,Closed with explanation,Yes,Yes,CR2100334,C00002207
2017-09-07,Bank account or service,"Account opening, closing, or management",Email,Closed with explanation,Yes,No,CR2089964,C00003703
2021-08-17,Bank account or service,"Account opening, closing, or management",Email,Closed with explanation,Yes,No,CR2090579,C00001089
2022-06-18,Credit card,Rewards,Branch,Closed with explanation,Yes,No,CR2083973,C00001542
2017-12-13,Credit card,Closing/Cancelling account,Branch,Closed with explanation,Yes,No,CR2079025,C00001530
2017-12-17,Credit card,Closing/Cancelling account,Mobile App,Closed with explanation,Yes,No,CR2078889,C00002058
2022-07-01,Bank account or service,Deposits and withdrawals,Branch,Closed with explanation,Yes,No,CR2080151,C00003850
2019-09-11,Credit card,Billing disputes,Branch,Closed with explanation,Yes,No,CR2068994,C00000876
2020-05-10,Bank account or service,Deposits and withdrawals,Email,Closed with explanation,Yes,Yes,CR2067841,C00004417
2020-11-11,Bank account or service,"Account opening, closing, or management",Branch,Closed with monetary relief,Yes,No,CR2065657,C00001554
2018-08-30,Bank account or service,"Account opening, closing, or management",Branch,Closed with explanation,Yes,No,CR2059861,C00003762
2018-03-03,Bank account or service,"Account opening, closing, or management",Phone Support,Closed with explanation,Yes,No,CR2058582,C00004524
2020-04-09,Bank account or service,"Account opening, closing, or management",Mobile App,Closed with explanation,Yes,No,CR2061433,C00000723
2022-08-26,Bank account or service,"Account opening, closing, or management",Email,Closed with monetary relief,Yes,No,CR2061914,C00000237
2020-03-25,Bank account or service,"Making/receiving payments, sending money",Phone Support,Closed with explanation,Yes,No,CR2055729,C00000478
2021-09-06,Credit card,Closing/Cancelling account,Branch,Closed with monetary relief,Yes,No,CR2053433,C00000015
2020-09-02,Credit card,Closing/Cancelling account,Email,Closed with non-monetary relief,Yes,No,CR2047529,C00004706
2020-12-13,Bank account or service,"Account opening, closing, or management",Phone Support,Closed with explanation,Yes,Yes,CR2047441,C00011943
2018-11-25,Credit card,Other,Branch,Closed with explanation,Yes,No,CR2042159,C00001824
2018-08-16,Bank account or service,Using a debit or ATM card,Branch,Closed with monetary relief,Yes,No,CR2042383,C00004820
2018-12-07,Bank account or service,Deposits and withdrawals,Email,Closed with monetary relief,Yes,No,CR2035955,C00000911
2022-08-12,Credit card,Identity theft / Fraud / Embezzlement,Email,Closed with monetary relief,Yes,No,CR2032168,C00003210
2021-11-19,Credit card,Billing disputes,Phone Support,Closed with monetary relief,Yes,No,CR2032442,C00005200
2018-04-21,Bank account or service,"Account opening, closing, or management",Email,Closed with explanation,Yes,No,CR2029764,C00000703
2018-07-19,Bank account or service,"Making/receiving payments, sending money",Mobile App,Closed with explanation,Yes,No,CR2024387,C00003802
2020-02-08,Credit card,Credit determination,Mobile App,Closed with explanation,Yes,No,CR2011299,C00003514
2020-04-23,Bank account or service,Deposits and withdrawals,Email,Closed with explanation,Yes,No,CR2011177,C00007796
2019-01-03,Credit card,Other,Phone Support,Closed with explanation,Yes,No,CR2009490,C00009505
2022-09-19,Bank account or service,Deposits and withdrawals,Email,Closed with explanation,Yes,No,CR2008113,C00000393
2020-12-09,Bank account or service,"Account opening, closing, or management",Branch,Closed with explanation,Yes,No,CR2004264,C00001846
2017-05-25,Credit card,Identity theft / Fraud / Embezzlement,Email,Closed with explanation,Yes,No,CR2001165,C00003455
2022-02-26,Bank account or service,"Account opening, closing, or management",Branch,Closed with explanation,Yes,Yes,CR1990253,C00002295
2022-11-10,Bank account or service,"Account opening, closing, or management",Email,Closed with explanation,Yes,No,CR1988571,C00000469
2019-05-24,Credit card,Billing disputes,Mobile App,Closed with explanation,Yes,No,CR1986130,C00000257
2020-04-02,Bank account or service,"Account opening, closing, or management",Branch,Closed with explanation,Yes,No,CR1986094,C00003917
2020-04-02,Credit card,Payoff process,Branch,Closed with explanation,Yes,No,CR1979353,C00003098
2021-02-28,Credit card,Identity theft / Fraud / Embezzlement,Email,Closed with explanation,Yes,Yes,CR1974115,C00002169
2017-05-19,Credit card,Billing disputes,Phone Support,Closed with explanation,Yes,No,CR1968121,C00004305
2017-11-17,Bank account or service,Deposits and withdrawals,Email,Closed with explanation,Yes,Yes,CR1967343,C00003479
2020-09-27,Bank account or service,"Account opening, closing, or management",Mobile App,Closed with explanation,Yes,No,CR1968804,C00000548
2020-08-15,Credit card,Late fee,Email,Closed with monetary relief,Yes,No,CR1959194,C00004592
2017-06-20,Bank account or service,"Account opening, closing, or management",Branch,Closed with non-monetary relief,Yes,No,CR1957744,C00004230
2022-06-14,Credit card,Rewards,Mobile App,Closed with explanation,Yes,No,CR1949866,C00000863
2018-02-19,Credit card,Rewards,Branch,Closed with explanation,Yes,No,CR1949659,C00004919
2019-01-25,Credit card,Identity theft / Fraud / Embezzlement,Phone Support,Closed with explanation,Yes,No,CR1941546,C00002042
2019-07-16,Bank account or service,"Account opening, closing, or management",Mobile App,Closed with explanation,Yes,No,CR1942110,C00002677
2017-09-02,Bank account or service,"Account opening, closing, or management",Email,Closed with explanation,Yes,No,CR1941376,C00002709
2020-07-02,Bank account or service,"Account opening, closing, or management",Email,Closed with explanation,Yes,No,CR1940659,C00001619
2017-11-15,Bank account or service,"Account opening, closing, or management",Mobile App,Closed with explanation,Yes,No,CR1940052,C00000856
2017-03-20,Credit card,Credit line increase/decrease,Branch,Closed with explanation,Yes,No,CR1937602,C00004630
2017-03-17,Bank account or service,Deposits and withdrawals,Email,Closed with explanation,Yes,No,CR1930395,C00008333
2019-05-04,Credit card,Other fee,Phone Support,Closed with explanation,Yes,No,CR1919514,C00004728
2021-04-07,Credit card,Credit line increase/decrease,Email,Closed with monetary relief,Yes,No,CR1919645,C00003548
2018-11-03,Credit card,Credit line increase/decrease,Branch,Closed with monetary relief,Yes,No,CR1919975,C00006946
2022-04-11,Bank account or service,"Making/receiving payments, sending money",Phone Support,Closed with non-monetary relief,Yes,No,CR1917514,C00003983
2020-08-19,Credit card,Credit determination,Mobile App,Closed with explanation,Yes,No,CR1916042,C00000616
2022-04-10,Bank account or service,"Account opening, closing, or management",Email,Closed with explanation,Yes,Yes,CR1912592,C00005334
2019-10-07,Bank account or service,"Account opening, closing, or management",Phone Support,Closed with explanation,Yes,Yes,CR1909608,C00003958
2021-11-25,Bank account or service,"Account opening, closing, or management",Email,Closed with explanation,Yes,Yes,CR1910899,C00005775
2020-03-17,Bank account or service,"Making/receiving payments, sending money",Branch,Closed with explanation,Yes,No,CR1910227,C00000107
2021-12-16,Bank account or service,Deposits and withdrawals,Email,Closed with explanation,Yes,No,CR1907400,C00006112
2018-08-23,Bank account or service,Deposits and withdrawals,Mobile App,Closed with explanation,Yes,No,CR1900945,C00002845
2018-04-09,Credit card,Identity theft / Fraud / Embezzlement,Branch,Closed with explanation,Yes,No,CR1899878,C00002645
2022-09-06,Bank account or service,"Account opening, closing, or management",Email,Closed with explanation,Yes,No,CR1898039,C00003629
2019-10-24,Bank account or service,Deposits and withdrawals,Email,Closed with monetary relief,Yes,No,CR1892105,C00001461
2017-12-22,Credit card,Identity theft / Fraud / Embezzlement,Mobile App,Closed with monetary relief,Yes,No,CR1891272,C00000784
2019-12-14,Credit card,Delinquent account,Branch,Closed with non-monetary relief,Yes,No,CR1877516,C00002270
2017-11-13,Credit card,Other fee,Email,Closed with monetary relief,Yes,No,CR1878237,C00000061
2019-11-14,Credit card,Billing disputes,Phone Support,Closed with explanation,Yes,No,CR1875589,C00002391
2021-03-23,Credit card,Other,Email,Closed with explanation,Yes,No,CR1875991,C00000793
2018-08-07,Bank account or service,Deposits and withdrawals,Branch,Closed with explanation,Yes,No,CR1875796,C00000958
2018-01-07,Credit card,Billing disputes,Mobile App,Closed with explanation,Yes,Yes,CR1874694,C00000952
2019-02-27,Credit card,Billing disputes,Branch,Closed with explanation,Yes,No,CR1874408,C00006275
2021-11-03,Credit card,Billing disputes,Email,Closed with explanation,Yes,No,CR1873543,C00001086
2020-06-22,Credit card,Delinquent account,Mobile App,Closed with monetary relief,Yes,No,CR1874223,C00009505
2018-10-21,Bank account or service,"Account opening, closing, or management",Email,Closed with explanation,Yes,No,CR1874363,C00000618
2017-05-10,Bank account or service,"Account opening, closing, or management",Branch,Closed with explanation,Yes,No,CR1870285,C00001153
2022-10-08,Bank account or service,"Account opening, closing, or management",Branch,Closed with non-monetary relief,Yes,Yes,CR1863672,C00002301
2018-11-25,Bank account or service,"Account opening, closing, or management",Branch,Closed with explanation,Yes,No,CR1860467,C00006750
2018-05-10,Credit card,Closing/Cancelling account,Email,Closed with explanation,Yes,No,CR1856319,C00003131
2020-10-12,Credit card,Late fee,Mobile App,Closed with monetary relief,Yes,No,CR1854125,C00000959
2017-03-08,Bank account or service,Problems caused by my funds being low,Email,Closed with explanation,Yes,No,CR1850371,C00004104
2018-04-08,Bank account or service,Using a debit or ATM card,Email,Closed with explanation,Yes,No,CR1849018,C00004026
2017-10-25,Credit card,Other,Phone Support,Closed with explanation,Yes,No,CR1843712,C00002141
2019-12-07,Credit card,Credit line increase/decrease,Email,Closed with explanation,Yes,No,CR1839619,C00004432
2020-11-17,Bank account or service,"Making/receiving payments, sending money",Mobile App,Closed with explanation,Yes,No,CR1839721,C00001310
2019-04-22,Credit card,Other,Mobile App,Closed with explanation,Yes,No,CR1834278,C00004536
2021-12-24,Bank account or service,"Account opening, closing, or management",Email,Closed with explanation,Yes,No,CR1835332,C00010479
2019-08-17,Bank account or service,"Account opening, closing, or management",Email,Closed with explanation,Yes,No,CR1835930,C00000740
2022-12-02,Credit card,Billing disputes,Branch,Closed with monetary relief,Yes,Yes,CR1833581,C00000249
2019-09-22,Credit card,APR or interest rate,Email,Closed with explanation,Yes,No,CR1831653,C00003092
2019-08-19,Credit card,Billing disputes,Phone Support,Closed with explanation,Yes,No,CR1828100,C00000513
2021-11-01,Credit card,Closing/Cancelling account,Email,Closed with non-monetary relief,Yes,No,CR1824920,C00000327
2018-12-13,Bank account or service,"Account opening, closing, or management",Mobile App,Closed with explanation,Yes,No,CR1823750,C00002385
2018-03-01,Bank account or service,"Account opening, closing, or management",Branch,Closed with explanation,Yes,Yes,CR1823106,C00000900
2019-10-16,Credit card,Identity theft / Fraud / Embezzlement,Branch,Closed with explanation,Yes,No,CR1819921,C00001112
2020-11-12,Credit card,Other,Phone Support,Closed with explanation,Yes,Yes,CR1820535,C00004460
2022-06-16,Credit card,Closing/Cancelling account,Mobile App,Closed with explanation,Yes,No,CR1816814,C00001943
2022-02-02,Credit card,Credit determination,Phone Support,Closed with explanation,Yes,No,CR1818167,C00011131
2017-11-20,Bank account or service,Deposits and withdrawals,Email,Closed with monetary relief,Yes,No,CR1813349,C00001070
2019-10-16,Bank account or service,Deposits and withdrawals,Email,Closed with explanation,Yes,No,CR1809005,C00002694
2017-10-18,Bank account or service,"Account opening, closing, or management",Mobile App,Closed with explanation,Yes,No,CR1804301,C00003816
2022-12-01,Bank account or service,"Account opening, closing, or management",Email,Closed with explanation,Yes,Yes,CR1802785,C00001886
2019-07-29,Credit card,Identity theft / Fraud / Embezzlement,Mobile App,Closed with explanation,Yes,No,CR1799864,C00002393
2020-04-03,Credit card,Identity theft / Fraud / Embezzlement,Mobile App,Closed with non-monetary relief,Yes,No,CR1797317,C00011754
2022-04-03,Credit card,Credit determination,Mobile App,Closed with explanation,Yes,No,CR1795747,C00006551
2020-05-12,Bank account or service,"Account opening, closing, or management",Phone Support,Closed with non-monetary relief,Yes,Yes,CR1792706,C00003037
2021-02-14,Credit card,Billing disputes,Phone Support,Closed with explanation,Yes,No,CR1790071,C00003543
2017-07-03,Bank account or service,"Making/receiving payments, sending money",Branch,Closed with explanation,Yes,No,CR1788844,C00000626
2022-09-12,Credit card,Billing disputes,Email,Closed with explanation,Yes,Yes,CR1786858,C00006749
2021-07-19,Bank account or service,"Account opening, closing, or management",Email,Closed with explanation,Yes,No,CR1780662,C00003436
2018-09-24,Bank account or service,"Account opening, closing, or management",Mobile App,Closed with non-monetary relief,Yes,No,CR1777183,C00001706
2021-08-18,Bank account or service,"Making/receiving payments, sending money",Mobile App,Closed with explanation,Yes,No,CR1772134,C00003880
2020-05-17,Credit card,Billing disputes,Mobile App,Closed with explanation,Yes,No,CR1769933,C00001958
2018-09-15,Bank account or service,Deposits and withdrawals,Email,Closed with explanation,Yes,No,CR1768779,C00004789
2019-10-08,Credit card,Transaction issue,Email,Closed with explanation,Yes,No,CR1766940,C00003598
2018-09-02,Credit card,Identity theft / Fraud / Embezzlement,Branch,Closed with explanation,Yes,No,CR1761571,C00001793
2021-07-04,Bank account or service,Using a debit or ATM card,Mobile App,Closed with explanation,Yes,No,CR1759470,C00003219
2021-07-20,Bank account or service,"Account opening, closing, or management",Email,Closed with non-monetary relief,Yes,No,CR1757625,C00000567
2022-05-05,Credit card,Transaction issue,Mobile App,Closed with explanation,Yes,No,CR1755925,C00013588
2021-03-31,Credit card,Transaction issue,Mobile App,Closed with monetary relief,Yes,No,CR1752002,C00003505
2022-03-11,Credit card,Other,Phone Support,Closed with non-monetary relief,Yes,No,CR1751734,C00001343
2021-04-09,Bank account or service,"Account opening, closing, or management",Mobile App,Closed with explanation,Yes,Yes,CR1752931,C00002615
2020-06-28,Bank account or service,Deposits and withdrawals,Mobile App,Closed with explanation,Yes,No,CR1751316,C00004243
2021-09-17,Credit card,Delinquent account,Email,Closed with explanation,Yes,No,CR1750873,C00003682
2022-02-10,Credit card,Late fee,Email,Closed with monetary relief,Yes,No,CR1750681,C00003764
2018-11-08,Credit card,Other,Email,Closed with explanation,Yes,No,CR1750285,C00000060
2017-02-02,Credit card,Billing disputes,Email,Closed with explanation,Yes,No,CR1739982,C00004021
2022-10-04,Credit card,Other fee,Mobile App,Closed with monetary relief,Yes,No,CR1741597,C00003127
2022-02-16,Credit card,Other,Phone Support,Closed with explanation,Yes,No,CR1741538,C00003564
2017-09-30,Bank account or service,"Account opening, closing, or management",Mobile App,Closed with monetary relief,Yes,No,CR1739146,C00002734
2017-07-13,Bank account or service,"Account opening, closing, or management",Branch,Closed with explanation,Yes,No,CR1737466,C00006417
2017-03-26,Bank account or service,"Account opening, closing, or management",Branch,Closed with explanation,Yes,No,CR1725940,C00013803
2019-07-22,Bank account or service,"Account opening, closing, or management",Branch,Closed with non-monetary relief,Yes,No,CR1725353,C00003931
2021-11-01,Bank account or service,Problems caused by my funds being low,Mobile App,Closed with explanation,Yes,No,CR1723447,C00001689
2018-01-11,Credit card,Identity theft / Fraud / Embezzlement,Mobile App,Closed with explanation,Yes,No,CR1722662,C00006175
2021-10-11,Bank account or service,"Account opening, closing, or management",Email,Closed with explanation,Yes,No,CR1722292,C00003287
2018-09-18,Credit card,Advertising and marketing,Branch,Closed with explanation,Yes,No,CR1721069,C00003536
2020-01-20,Bank account or service,"Account opening, closing, or management",Email,Closed with explanation,Yes,No,CR1720348,C00003522
2017-04-08,Bank account or service,"Account opening, closing, or management",Branch,Closed with monetary relief,Yes,No,CR1718256,C00002573
2020-11-30,Credit card,Identity theft / Fraud / Embezzlement,Email,Closed with non-monetary relief,Yes,No,CR1712230,C00013448
2021-08-15,Credit card,Other,Mobile App,Closed with explanation,Yes,No,CR1712593,C00001491
2021-12-20,Bank account or service,"Account opening, closing, or management",Mobile App,Closed with explanation,Yes,Yes,CR1706813,C00001354
2022-02-24,Credit card,APR or interest rate,Email,Closed with explanation,Yes,Yes,CR1693351,C00003873
2022-05-03,Bank account or service,"Making/receiving payments, sending money",Email,Closed with explanation,Yes,No,CR1693184,C00002509
2022-01-01,Bank account or service,"Account opening, closing, or management",Mobile App,Closed with monetary relief,Yes,No,CR1693185,C00001417
2017-10-18,Bank account or service,"Account opening, closing, or management",Mobile App,Closed with explanation,Yes,No,CR1680495,C00001365
2020-08-03,Bank account or service,"Account opening, closing, or management",Branch,Closed with explanation,Yes,Yes,CR1675811,C00002550
2017-01-28,Bank account or service,Deposits and withdrawals,Email,Closed with monetary relief,Yes,No,CR1670934,C00000032
2020-10-23,Credit card,Credit determination,Mobile App,Closed with explanation,Yes,No,CR1660050,C00003219
2019-10-12,Credit card,Other,Mobile App,Closed with explanation,Yes,No,CR1660335,C00004901
2019-06-25,Credit card,Unsolicited issuance of credit card,Mobile App,Closed with non-monetary relief,Yes,No,CR1658837,C00003570
2022-09-01,Credit card,Other,Phone Support,Closed with non-monetary relief,Yes,No,CR1653725,C00007863
2020-04-16,Credit card,Closing/Cancelling account,Email,Closed with explanation,Yes,No,CR1648334,C00003367
2020-04-18,Bank account or service,"Account opening, closing, or management",Branch,Closed with non-monetary relief,Yes,Yes,CR1645965,C00003596
2018-07-18,Credit card,Billing disputes,Branch,Closed with explanation,Yes,No,CR1639357,C00002295
2022-06-22,Bank account or service,"Making/receiving payments, sending money",Phone Support,Closed with explanation,Yes,No,CR1640566,C00002374
2017-05-13,Credit card,Identity theft / Fraud / Embezzlement,Branch,Closed with explanation,Yes,No,CR1633043,C00001820
2022-05-31,Credit card,Billing disputes,Email,Closed with monetary relief,Yes,No,CR1633056,C00002299
2018-12-29,Credit card,Delinquent account,Phone Support,Closed with non-monetary relief,Yes,No,CR1630524,C00006452
2018-11-28,Bank account or service,"Account opening, closing, or management",Mobile App,Closed with explanation,Yes,No,CR1630364,C00003140
2018-08-04,Bank account or service,"Account opening, closing, or management",Email,Closed with explanation,Yes,No,CR1630423,C00009611
2020-09-09,Bank account or service,"Account opening, closing, or management",Mobile App,Closed with explanation,Yes,No,CR1631397,C00002683
2022-11-20,Bank account or service,"Account opening, closing, or management",Email,Closed with monetary relief,Yes,No,CR1629513,C00009880
2017-01-01,Bank account or service,"Account opening, closing, or management",Mobile App,Closed with explanation,Yes,No,CR1627236,C00001612
2022-03-10,Credit card,Unsolicited issuance of credit card,Email,Closed with explanation,Yes,No,CR1615332,C00011598
2021-08-29,Bank account or service,"Account opening, closing, or management",Email,Closed with explanation,Yes,No,CR1612774,C00000550
2022-09-14,Bank account or service,Deposits and withdrawals,Branch,Closed with monetary relief,Yes,No,CR1612696,C00007970
2017-06-04,Credit card,Closing/Cancelling account,Mobile App,Closed with explanation,Yes,No,CR1608784,C00004534
2019-04-10,Bank account or service,Deposits and withdrawals,Phone Support,Closed with explanation,Yes,No,CR1609334,C00003307
2021-02-03,Bank account or service,"Account opening, closing, or management",Mobile App,Closed with explanation,Yes,No,CR1608859,C00001643
2019-09-22,Credit card,Rewards,Phone Support,Closed with explanation,Yes,Yes,CR1597893,C00011122
2021-08-29,Credit card,Billing disputes,Phone Support,Closed with explanation,Yes,Yes,CR1590286,C00003605
2019-06-24,Bank account or service,"Account opening, closing, or management",Mobile App,Closed with explanation,Yes,Yes,CR1590106,C00004141
2019-10-26,Credit card,Closing/Cancelling account,Phone Support,Closed with explanation,Yes,No,CR1587313,C00004317
2022-04-29,Credit card,Billing disputes,Phone Support,Closed with explanation,Yes,Yes,CR1584140,C00001013
2020-04-21,Credit card,Billing disputes,Phone Support,Closed with explanation,Yes,No,CR1580992,C00003179
2021-10-16,Bank account or service,Deposits and withdrawals,Phone Support,Closed with explanation,Yes,No,CR1580111,C00000379
2018-01-01,Credit card,Closing/Cancelling account,Phone Support,Closed with non-monetary relief,Yes,No,CR1578014,C00008091
2022-01-20,Bank account or service,"Account opening, closing, or management",Email,Closed with explanation,Yes,Yes,CR1577468,C00003217
2020-07-21,Credit card,Late fee,Mobile App,Closed with explanation,Yes,No,CR1572142,C00004210
2022-09-05,Bank account or service,"Account opening, closing, or management",Phone Support,Closed with explanation,Yes,Yes,CR1571098,C00003835
2017-05-20,Bank account or service,Deposits and withdrawals,Email,Closed with explanation,Yes,No,CR1569460,C00002023
2021-02-03,Bank account or service,Using a debit or ATM card,Phone Support,Closed with explanation,Yes,Yes,CR1567700,C00004726
2018-02-25,Credit card,Closing/Cancelling account,Mobile App,Closed with explanation,Yes,No,CR1565229,C00003668
2018-11-06,Bank account or service,"Account opening, closing, or management",Mobile App,Closed with explanation,Yes,No,CR1565363,C00003822
2018-04-21,Credit card,Credit line increase/decrease,Branch,Closed with explanation,Yes,Yes,CR1557863,C00003983
2020-07-07,Credit card,Identity theft / Fraud / Embezzlement,Email,Closed with explanation,Yes,No,CR1554953,C00002398
2022-07-28,Credit card,Credit determination,Mobile App,Closed with explanation,Yes,No,CR1555127,C00000530
2017-05-03,Bank account or service,Problems caused by my funds being low,Email,Closed with non-monetary relief,Yes,No,CR1554501,C00003346
2017-01-26,Credit card,Late fee,Mobile App,Closed with explanation,Yes,No,CR1550838,C00001448
2018-04-09,Credit card,Credit determination,Mobile App,Closed with non-monetary relief,Yes,No,CR1550513,C00001509
2022-12-06,Bank account or service,"Account opening, closing, or management",Mobile App,Closed with non-monetary relief,Yes,Yes,CR1550303,C00003953
2022-02-25,Credit card,Late fee,Email,Closed with monetary relief,Yes,No,CR1550372,C00001133
2018-04-19,Bank account or service,Deposits and withdrawals,Phone Support,Closed,Yes,No,CR1547100,C00002034
2018-04-04,Credit card,Billing disputes,Phone Support,Closed with explanation,Yes,No,CR1537464,C00001580
2022-06-18,Credit card,Credit line increase/decrease,Email,Closed with explanation,Yes,No,CR1538323,C00003494
2018-08-11,Credit card,Billing disputes,Mobile App,Closed with explanation,Yes,No,CR1529786,C00002231
2019-08-12,Credit card,Credit line increase/decrease,Mobile App,Closed with explanation,Yes,No,CR1528299,C00000543
2017-09-02,Credit card,Other,Mobile App,Closed with explanation,Yes,No,CR1523348,C00000418
2017-02-21,Credit card,Credit line increase/decrease,Mobile App,Closed with explanation,Yes,No,CR1524415,C00000154
2018-05-25,Bank account or service,Deposits and withdrawals,Phone Support,Closed with explanation,Yes,Yes,CR1522846,C00006829
2021-09-22,Bank account or service,Deposits and withdrawals,Mobile App,Closed with explanation,Yes,Yes,CR1516691,C00003538
2020-12-03,Bank account or service,"Account opening, closing, or management",Phone Support,Closed with explanation,Yes,No,CR1512902,C00004708
2019-03-20,Credit card,Forbearance / Workout plans,Phone Support,Closed with explanation,Yes,No,CR1509215,C00001235
2019-01-02,Bank account or service,Deposits and withdrawals,Phone Support,Closed with explanation,Yes,No,CR1509134,C00000394
2017-03-10,Bank account or service,"Account opening, closing, or management",Phone Support,Closed with explanation,Yes,No,CR1507355,C00000885
2020-07-25,Bank account or service,Deposits and withdrawals,Branch,Closed with explanation,Yes,Yes,CR1500202,C00000557
2022-02-01,Credit card,Other,Email,Closed with explanation,Yes,No,CR1497595,C00012378
2018-08-21,Credit card,Credit line increase/decrease,Mobile App,Closed with non-monetary relief,Yes,No,CR1496383,C00001546
2018-04-17,Credit card,Other,Phone Support,Closed with non-monetary relief,Yes,No,CR1496382,C00000544
2018-01-26,Credit card,Identity theft / Fraud / Embezzlement,Mobile App,Closed with explanation,Yes,Yes,CR1497477,C00001546
2022-02-14,Bank account or service,Deposits and withdrawals,Email,Closed with monetary relief,Yes,No,CR1497460,C00004547
2022-05-17,Bank account or service,"Account opening, closing, or management",Branch,Closed with explanation,Yes,No,CR1496351,C00003647
2022-08-06,Credit card,Billing statement,Mobile App,Closed with monetary relief,Yes,No,CR1495257,C00003938
2017-09-16,Credit card,Closing/Cancelling account,Phone Support,Closed with explanation,Yes,No,CR1490998,C00005366
2022-02-14,Credit card,Billing disputes,Phone Support,Closed with explanation,Yes,No,CR1484289,C00002448
2021-08-14,Credit card,Customer service / Customer relations,Phone Support,Closed with explanation,Yes,No,CR1484603,C00001913
2018-01-29,Credit card,Closing/Cancelling account,Email,Closed with explanation,Yes,No,CR1484141,C00000316
2019-12-16,Credit card,Identity theft / Fraud / Embezzlement,Mobile App,Closed with monetary relief,Yes,No,CR1484298,C00000974
2018-11-20,Bank account or service,"Making/receiving payments, sending money",Mobile App,Closed with explanation,Yes,No,CR1484197,C00003111
2022-08-21,Bank account or service,Deposits and withdrawals,Branch,Closed with explanation,Yes,No,CR1481105,C00004770
2022-09-23,Bank account or service,"Account opening, closing, or management",Phone Support,Closed,Yes,No,CR1481909,C00000337
2020-09-28,Bank account or service,Deposits and withdrawals,Mobile App,Closed,Yes,No,CR1475200,C00001238
2020-03-18,Bank account or service,Deposits and withdrawals,Email,Closed with explanation,Yes,No,CR1471978,C00004411
2020-10-12,Bank account or service,"Account opening, closing, or management",Branch,Closed with explanation,Yes,No,CR1470323,C00002123
2019-09-09,Bank account or service,"Making/receiving payments, sending money",Mobile App,Closed with explanation,Yes,Yes,CR1470490,C00002556
2017-05-18,Credit card,Credit line increase/decrease,Mobile App,Closed with explanation,Yes,No,CR1468137,C00003230
2020-02-20,Bank account or service,Deposits and withdrawals,Branch,Closed with explanation,Yes,No,CR1458455,C00013694
2018-10-16,Bank account or service,"Account opening, closing, or management",Email,Closed with explanation,Yes,No,CR1448631,C00001523
2017-07-30,Credit card,Credit determination,Branch,Closed with explanation,Yes,Yes,CR1440090,C00000745
2017-04-16,Bank account or service,"Account opening, closing, or management",Phone Support,Closed with explanation,Yes,Yes,CR1440934,C00000277
2017-02-27,Credit card,APR or interest rate,Mobile App,Closed with explanation,Yes,No,CR1434539,C00000430
2022-05-06,Bank account or service,Deposits and withdrawals,Branch,Closed with explanation,Yes,Yes,CR1428359,C00005283
2022-07-20,Bank account or service,"Making/receiving payments, sending money",Mobile App,Closed with explanation,Yes,No,CR1422293,C00003069
2017-06-26,Bank account or service,"Account opening, closing, or management",Mobile App,Closed with explanation,Yes,No,CR1418533,C00003550
2018-12-02,Bank account or service,Problems caused by my funds being low,Mobile App,Closed with explanation,Yes,No,CR1419754,C00003296
2018-11-27,Bank account or service,Deposits and withdrawals,Phone Support,Closed with explanation,Yes,No,CR1418766,C00002974
2021-10-21,Credit card,Identity theft / Fraud / Embezzlement,Branch,Closed with explanation,Yes,No,CR1414538,C00006731
2018-09-16,Bank account or service,"Account opening, closing, or management",Email,Closed with explanation,Yes,No,CR1414194,C00003782
2021-01-11,Bank account or service,"Account opening, closing, or management",Email,Closed with explanation,Yes,Yes,CR1415743,C00002235
2021-12-15,Bank account or service,"Account opening, closing, or management",Phone Support,Closed with monetary relief,Yes,Yes,CR1415128,C00002965
2020-09-15,Credit card,Billing disputes,Mobile App,Closed with explanation,Yes,No,CR1403361,C00002458
2018-05-01,Bank account or service,"Making/receiving payments, sending money",Mobile App,Closed with explanation,Yes,Yes,CR1397536,C00005563
2021-07-02,Bank account or service,"Account opening, closing, or management",Mobile App,Closed with explanation,Yes,No,CR1390944,C00004083
2019-02-09,Bank account or service,"Account opening, closing, or management",Branch,Closed with non-monetary relief,Yes,No,CR1389361,C00005460
2022-10-01,Bank account or service,Deposits and withdrawals,Mobile App,Closed with explanation,Yes,No,CR1386876,C00004479
2021-12-12,Bank account or service,"Account opening, closing, or management",Phone Support,Closed with explanation,Yes,No,CR1387408,C00006067
2017-04-12,Bank account or service,"Making/receiving payments, sending money",Mobile App,Closed with explanation,Yes,No,CR1385114,C00002198
2018-10-25,Bank account or service,Deposits and withdrawals,Mobile App,Closed with explanation,Yes,No,CR1384077,C00003892
2021-07-09,Bank account or service,"Account opening, closing, or management",Email,Closed with explanation,Yes,No,CR1377630,C00000417
2022-07-04,Credit card,APR or interest rate,Phone Support,Closed with monetary relief,Yes,No,CR1371826,C00003302
2020-08-19,Credit card,Other fee,Branch,Closed with monetary relief,Yes,No,CR1360875,C00001449
2021-03-30,Credit card,Other,Branch,Closed with explanation,Yes,Yes,CR1355330,C00000536
2018-02-22,Credit card,Application processing delay,Mobile App,Closed with explanation,Yes,No,CR1352279,C00004050
2022-01-31,Credit card,Customer service / Customer relations,Mobile App,Closed with explanation,Yes,No,CR1350626,C00004701
2017-03-18,Credit card,Closing/Cancelling account,Phone Support,Closed with explanation,Yes,No,CR1351216,C00004157
2020-03-03,Credit card,Identity theft / Fraud / Embezzlement,Mobile App,Closed with explanation,Yes,Yes,CR1350500,C00000383
2020-02-23,Credit card,Delinquent account,Email,Closed with explanation,Yes,Yes,CR1343326,C00002489
2017-05-27,Credit card,Identity theft / Fraud / Embezzlement,Branch,Closed with explanation,Yes,No,CR1343295,C00001390
2022-11-12,Credit card,Closing/Cancelling account,Phone Support,Closed with explanation,Yes,No,CR1335855,C00002929
2019-04-06,Credit card,Late fee,Branch,Closed with explanation,Yes,No,CR1331611,C00004662
2020-04-11,Bank account or service,"Account opening, closing, or management",Mobile App,Closed with explanation,Yes,No,CR1328481,C00001369
2021-01-07,Credit card,Rewards,Email,Closed with explanation,Yes,No,CR1324289,C00000690
2020-12-23,Credit card,Billing disputes,Email,Closed with monetary relief,Yes,Yes,CR1325033,C00003427
2017-11-11,Bank account or service,"Account opening, closing, or management",Phone Support,Closed with explanation,Yes,Yes,CR1321268,C00003648
2017-06-17,Credit card,Closing/Cancelling account,Branch,Closed with explanation,Yes,No,CR1316790,C00002408
2020-06-05,Bank account or service,Deposits and withdrawals,Phone Support,Closed with explanation,Yes,No,CR1313087,C00001826
2020-11-17,Bank account or service,"Account opening, closing, or management",Branch,Closed with explanation,Yes,No,CR1313382,C00003186
